Pollutant:,PM10,Unit: grams of PM10,,,,,,,,,,,,,,,,,,,,,,,,,,,,,,,,,,,,,,,,,,,,,,,,,,,,,,,
,2015,2016,2017,2018,2019,2020,2021,2022,2023,2024,2025,2026,2027,2028,2029,2030,2031,2032,2033,2034,2035,2036,2037,2038,2039,2040,2041,2042,2043,2044,2045,2046,2047,2048,2049,2050,2051,2052,2053,2054,2055,2056,2057,2058,2059,2060,2061,2062,2063,2064,2065,2066,2067,2068,2069,2070,
agriculture and forestry 01T03,0.000E+00,0.000E+00,0.000E+00,0.000E+00,0.000E+00,2.332E+10,2.332E+10,2.332E+10,2.332E+10,2.377E+10,2.399E+10,2.421E+10,2.442E+10,2.463E+10,2.483E+10,2.503E+10,2.523E+10,2.541E+10,2.560E+10,2.577E+10,2.594E+10,2.611E+10,2.626E+10,2.641E+10,2.655E+10,2.668E+10,2.680E+10,2.692E+10,2.703E+10,2.713E+10,2.722E+10,2.731E+10,2.739E+10,2.747E+10,2.753E+10,2.760E+10,2.778E+10,2.797E+10,2.816E+10,2.835E+10,2.854E+10,2.873E+10,2.893E+10,2.912E+10,2.932E+10,2.952E+10,2.971E+10,2.991E+10,3.012E+10,3.032E+10,3.052E+10,3.073E+10,3.094E+10,3.115E+10,3.136E+10,3.157E+10,
coal mining 05,0.000E+00,0.000E+00,0.000E+00,0.000E+00,0.000E+00,4.575E+11,4.575E+11,4.575E+11,4.575E+11,4.328E+11,4.168E+11,4.332E+11,4.045E+11,3.642E+11,3.204E+11,2.856E+11,2.578E+11,2.441E+11,2.428E+11,2.444E+11,2.426E+11,2.415E+11,2.440E+11,2.410E+11,2.360E+11,2.288E+11,2.232E+11,2.193E+11,2.200E+11,2.206E+11,2.167E+11,2.127E+11,2.096E+11,2.069E+11,2.057E+11,2.055E+11,1.985E+11,1.918E+11,1.852E+11,1.789E+11,1.728E+11,1.670E+11,1.613E+11,1.558E+11,1.505E+11,1.453E+11,1.404E+11,1.356E+11,1.310E+11,1.265E+11,1.222E+11,1.181E+11,1.140E+11,1.102E+11,1.064E+11,1.028E+11,
oil and gas extraction 06,0.000E+00,0.000E+00,0.000E+00,0.000E+00,0.000E+00,1.526E+10,1.526E+10,1.526E+10,1.526E+10,1.607E+10,1.610E+10,1.579E+10,1.587E+10,1.606E+10,1.607E+10,1.620E+10,1.631E+10,1.646E+10,1.664E+10,1.685E+10,1.708E+10,1.728E+10,1.746E+10,1.761E+10,1.776E+10,1.787E+10,1.797E+10,1.804E+10,1.809E+10,1.817E+10,1.822E+10,1.826E+10,1.832E+10,1.827E+10,1.835E+10,1.839E+10,1.853E+10,1.868E+10,1.883E+10,1.898E+10,1.913E+10,1.928E+10,1.943E+10,1.958E+10,1.974E+10,1.989E+10,2.005E+10,2.021E+10,2.037E+10,2.053E+10,2.069E+10,2.086E+10,2.102E+10,2.119E+10,2.136E+10,2.153E+10,
other mining and quarrying 07T08,0.000E+00,0.000E+00,0.000E+00,0.000E+00,0.000E+00,0.000E+00,0.000E+00,0.000E+00,0.000E+00,0.000E+00,0.000E+00,0.000E+00,0.000E+00,0.000E+00,0.000E+00,0.000E+00,0.000E+00,0.000E+00,0.000E+00,0.000E+00,0.000E+00,0.000E+00,0.000E+00,0.000E+00,0.000E+00,0.000E+00,0.000E+00,0.000E+00,0.000E+00,0.000E+00,0.000E+00,0.000E+00,0.000E+00,0.000E+00,0.000E+00,0.000E+00,0.000E+00,0.000E+00,0.000E+00,0.000E+00,0.000E+00,0.000E+00,0.000E+00,0.000E+00,0.000E+00,0.000E+00,0.000E+00,0.000E+00,0.000E+00,0.000E+00,0.000E+00,0.000E+00,0.000E+00,0.000E+00,0.000E+00,0.000E+00,
food beverage and tobacco 10T12,0.000E+00,0.000E+00,0.000E+00,0.000E+00,0.000E+00,0.000E+00,0.000E+00,0.000E+00,0.000E+00,0.000E+00,0.000E+00,0.000E+00,0.000E+00,0.000E+00,0.000E+00,0.000E+00,0.000E+00,0.000E+00,0.000E+00,0.000E+00,0.000E+00,0.000E+00,0.000E+00,0.000E+00,0.000E+00,0.000E+00,0.000E+00,0.000E+00,0.000E+00,0.000E+00,0.000E+00,0.000E+00,0.000E+00,0.000E+00,0.000E+00,0.000E+00,0.000E+00,0.000E+00,0.000E+00,0.000E+00,0.000E+00,0.000E+00,0.000E+00,0.000E+00,0.000E+00,0.000E+00,0.000E+00,0.000E+00,0.000E+00,0.000E+00,0.000E+00,0.000E+00,0.000E+00,0.000E+00,0.000E+00,0.000E+00,
textiles apparel and leather 13T15,0.000E+00,0.000E+00,0.000E+00,0.000E+00,0.000E+00,0.000E+00,0.000E+00,0.000E+00,0.000E+00,0.000E+00,0.000E+00,0.000E+00,0.000E+00,0.000E+00,0.000E+00,0.000E+00,0.000E+00,0.000E+00,0.000E+00,0.000E+00,0.000E+00,0.000E+00,0.000E+00,0.000E+00,0.000E+00,0.000E+00,0.000E+00,0.000E+00,0.000E+00,0.000E+00,0.000E+00,0.000E+00,0.000E+00,0.000E+00,0.000E+00,0.000E+00,0.000E+00,0.000E+00,0.000E+00,0.000E+00,0.000E+00,0.000E+00,0.000E+00,0.000E+00,0.000E+00,0.000E+00,0.000E+00,0.000E+00,0.000E+00,0.000E+00,0.000E+00,0.000E+00,0.000E+00,0.000E+00,0.000E+00,0.000E+00,
wood products 16,0.000E+00,0.000E+00,0.000E+00,0.000E+00,0.000E+00,0.000E+00,0.000E+00,0.000E+00,0.000E+00,0.000E+00,0.000E+00,0.000E+00,0.000E+00,0.000E+00,0.000E+00,0.000E+00,0.000E+00,0.000E+00,0.000E+00,0.000E+00,0.000E+00,0.000E+00,0.000E+00,0.000E+00,0.000E+00,0.000E+00,0.000E+00,0.000E+00,0.000E+00,0.000E+00,0.000E+00,0.000E+00,0.000E+00,0.000E+00,0.000E+00,0.000E+00,0.000E+00,0.000E+00,0.000E+00,0.000E+00,0.000E+00,0.000E+00,0.000E+00,0.000E+00,0.000E+00,0.000E+00,0.000E+00,0.000E+00,0.000E+00,0.000E+00,0.000E+00,0.000E+00,0.000E+00,0.000E+00,0.000E+00,0.000E+00,
pulp paper and printing 17T18,0.000E+00,0.000E+00,0.000E+00,0.000E+00,0.000E+00,3.968E+10,3.968E+10,4.204E+10,4.108E+10,4.017E+10,4.011E+10,4.032E+10,4.057E+10,4.081E+10,4.103E+10,4.122E+10,4.151E+10,4.184E+10,4.212E+10,4.242E+10,4.273E+10,4.297E+10,4.325E+10,4.348E+10,4.373E+10,4.399E+10,4.424E+10,4.450E+10,4.473E+10,4.487E+10,4.497E+10,4.515E+10,4.543E+10,4.555E+10,4.571E+10,4.604E+10,4.627E+10,4.651E+10,4.675E+10,4.700E+10,4.724E+10,4.748E+10,4.773E+10,4.798E+10,4.822E+10,4.847E+10,4.872E+10,4.897E+10,4.923E+10,4.948E+10,4.974E+10,5.000E+10,5.025E+10,5.051E+10,5.077E+10,5.104E+10,
refined petroleum and coke 19,0.000E+00,0.000E+00,0.000E+00,0.000E+00,0.000E+00,2.022E+10,2.022E+10,2.022E+10,2.022E+10,2.148E+10,2.237E+10,2.301E+10,2.335E+10,2.368E+10,2.387E+10,2.417E+10,2.413E+10,2.418E+10,2.405E+10,2.411E+10,2.416E+10,2.408E+10,2.402E+10,2.392E+10,2.389E+10,2.381E+10,2.372E+10,2.354E+10,2.330E+10,2.335E+10,2.348E+10,2.372E+10,2.379E+10,2.384E+10,2.367E+10,2.373E+10,2.392E+10,2.412E+10,2.431E+10,2.451E+10,2.472E+10,2.492E+10,2.512E+10,2.533E+10,2.554E+10,2.575E+10,2.596E+10,2.617E+10,2.639E+10,2.660E+10,2.682E+10,2.704E+10,2.726E+10,2.749E+10,2.771E+10,2.794E+10,
chemicals 20,0.000E+00,0.000E+00,0.000E+00,0.000E+00,0.000E+00,2.997E+10,2.997E+10,2.997E+10,2.997E+10,3.168E+10,2.961E+10,2.841E+10,2.936E+10,3.029E+10,3.102E+10,3.165E+10,3.208E+10,3.253E+10,3.309E+10,3.368E+10,3.418E+10,3.477E+10,3.532E+10,3.575E+10,3.625E+10,3.662E+10,3.716E+10,3.782E+10,3.837E+10,3.890E+10,3.944E+10,3.988E+10,4.028E+10,4.087E+10,4.152E+10,4.188E+10,4.230E+10,4.273E+10,4.316E+10,4.359E+10,4.403E+10,4.448E+10,4.493E+10,4.538E+10,4.583E+10,4.630E+10,4.676E+10,4.723E+10,4.771E+10,4.819E+10,4.867E+10,4.916E+10,4.966E+10,5.016E+10,5.066E+10,5.117E+10,
rubber and plastic products 22,0.000E+00,0.000E+00,0.000E+00,0.000E+00,0.000E+00,0.000E+00,0.000E+00,0.000E+00,0.000E+00,0.000E+00,0.000E+00,0.000E+00,0.000E+00,0.000E+00,0.000E+00,0.000E+00,0.000E+00,0.000E+00,0.000E+00,0.000E+00,0.000E+00,0.000E+00,0.000E+00,0.000E+00,0.000E+00,0.000E+00,0.000E+00,0.000E+00,0.000E+00,0.000E+00,0.000E+00,0.000E+00,0.000E+00,0.000E+00,0.000E+00,0.000E+00,0.000E+00,0.000E+00,0.000E+00,0.000E+00,0.000E+00,0.000E+00,0.000E+00,0.000E+00,0.000E+00,0.000E+00,0.000E+00,0.000E+00,0.000E+00,0.000E+00,0.000E+00,0.000E+00,0.000E+00,0.000E+00,0.000E+00,0.000E+00,
glass and glass products 231,0.000E+00,0.000E+00,0.000E+00,0.000E+00,0.000E+00,0.000E+00,0.000E+00,0.000E+00,0.000E+00,0.000E+00,0.000E+00,0.000E+00,0.000E+00,0.000E+00,0.000E+00,0.000E+00,0.000E+00,0.000E+00,0.000E+00,0.000E+00,0.000E+00,0.000E+00,0.000E+00,0.000E+00,0.000E+00,0.000E+00,0.000E+00,0.000E+00,0.000E+00,0.000E+00,0.000E+00,0.000E+00,0.000E+00,0.000E+00,0.000E+00,0.000E+00,0.000E+00,0.000E+00,0.000E+00,0.000E+00,0.000E+00,0.000E+00,0.000E+00,0.000E+00,0.000E+00,0.000E+00,0.000E+00,0.000E+00,0.000E+00,0.000E+00,0.000E+00,0.000E+00,0.000E+00,0.000E+00,0.000E+00,0.000E+00,
cement and other nonmetallic minerals 239,0.000E+00,0.000E+00,0.000E+00,0.000E+00,0.000E+00,1.171E+10,1.171E+10,1.171E+10,1.171E+10,1.342E+10,1.285E+10,1.270E+10,1.290E+10,1.309E+10,1.322E+10,1.334E+10,1.350E+10,1.366E+10,1.382E+10,1.394E+10,1.399E+10,1.409E+10,1.429E+10,1.446E+10,1.461E+10,1.476E+10,1.488E+10,1.504E+10,1.521E+10,1.535E+10,1.542E+10,1.559E+10,1.579E+10,1.595E+10,1.611E+10,1.623E+10,1.642E+10,1.661E+10,1.680E+10,1.700E+10,1.720E+10,1.740E+10,1.760E+10,1.781E+10,1.801E+10,1.822E+10,1.844E+10,1.865E+10,1.887E+10,1.909E+10,1.931E+10,1.953E+10,1.976E+10,1.999E+10,2.023E+10,2.046E+10,
iron and steel 241,0.000E+00,0.000E+00,0.000E+00,0.000E+00,0.000E+00,3.355E+10,3.355E+10,3.355E+10,3.355E+10,3.395E+10,3.340E+10,3.289E+10,3.363E+10,3.523E+10,3.606E+10,3.626E+10,3.644E+10,3.625E+10,3.617E+10,3.653E+10,3.641E+10,3.639E+10,3.650E+10,3.660E+10,3.702E+10,3.728E+10,3.736E+10,3.752E+10,3.780E+10,3.809E+10,3.821E+10,3.822E+10,3.813E+10,3.819E+10,3.836E+10,3.839E+10,3.859E+10,3.880E+10,3.900E+10,3.921E+10,3.941E+10,3.962E+10,3.983E+10,4.004E+10,4.025E+10,4.047E+10,4.068E+10,4.090E+10,4.111E+10,4.133E+10,4.155E+10,4.177E+10,4.199E+10,4.221E+10,4.243E+10,4.266E+10,
other metals 242,0.000E+00,0.000E+00,0.000E+00,0.000E+00,0.000E+00,1.374E+10,1.374E+10,1.374E+10,1.374E+10,1.428E+10,1.411E+10,1.420E+10,1.461E+10,1.508E+10,1.539E+10,1.562E+10,1.574E+10,1.578E+10,1.584E+10,1.593E+10,1.607E+10,1.628E+10,1.649E+10,1.664E+10,1.683E+10,1.701E+10,1.721E+10,1.734E+10,1.755E+10,1.783E+10,1.803E+10,1.816E+10,1.838E+10,1.866E+10,1.889E+10,1.897E+10,1.917E+10,1.937E+10,1.958E+10,1.979E+10,2.000E+10,2.022E+10,2.043E+10,2.065E+10,2.088E+10,2.110E+10,2.133E+10,2.155E+10,2.178E+10,2.202E+10,2.225E+10,2.249E+10,2.273E+10,2.298E+10,2.322E+10,2.347E+10,
metal products except machinery and vehicles 25,0.000E+00,0.000E+00,0.000E+00,0.000E+00,0.000E+00,0.000E+00,0.000E+00,0.000E+00,0.000E+00,0.000E+00,0.000E+00,0.000E+00,0.000E+00,0.000E+00,0.000E+00,0.000E+00,0.000E+00,0.000E+00,0.000E+00,0.000E+00,0.000E+00,0.000E+00,0.000E+00,0.000E+00,0.000E+00,0.000E+00,0.000E+00,0.000E+00,0.000E+00,0.000E+00,0.000E+00,0.000E+00,0.000E+00,0.000E+00,0.000E+00,0.000E+00,0.000E+00,0.000E+00,0.000E+00,0.000E+00,0.000E+00,0.000E+00,0.000E+00,0.000E+00,0.000E+00,0.000E+00,0.000E+00,0.000E+00,0.000E+00,0.000E+00,0.000E+00,0.000E+00,0.000E+00,0.000E+00,0.000E+00,0.000E+00,
computers and electronics 26,0.000E+00,0.000E+00,0.000E+00,0.000E+00,0.000E+00,0.000E+00,0.000E+00,0.000E+00,0.000E+00,0.000E+00,0.000E+00,0.000E+00,0.000E+00,0.000E+00,0.000E+00,0.000E+00,0.000E+00,0.000E+00,0.000E+00,0.000E+00,0.000E+00,0.000E+00,0.000E+00,0.000E+00,0.000E+00,0.000E+00,0.000E+00,0.000E+00,0.000E+00,0.000E+00,0.000E+00,0.000E+00,0.000E+00,0.000E+00,0.000E+00,0.000E+00,0.000E+00,0.000E+00,0.000E+00,0.000E+00,0.000E+00,0.000E+00,0.000E+00,0.000E+00,0.000E+00,0.000E+00,0.000E+00,0.000E+00,0.000E+00,0.000E+00,0.000E+00,0.000E+00,0.000E+00,0.000E+00,0.000E+00,0.000E+00,
appliances and electrical equipment 27,0.000E+00,0.000E+00,0.000E+00,0.000E+00,0.000E+00,0.000E+00,0.000E+00,0.000E+00,0.000E+00,0.000E+00,0.000E+00,0.000E+00,0.000E+00,0.000E+00,0.000E+00,0.000E+00,0.000E+00,0.000E+00,0.000E+00,0.000E+00,0.000E+00,0.000E+00,0.000E+00,0.000E+00,0.000E+00,0.000E+00,0.000E+00,0.000E+00,0.000E+00,0.000E+00,0.000E+00,0.000E+00,0.000E+00,0.000E+00,0.000E+00,0.000E+00,0.000E+00,0.000E+00,0.000E+00,0.000E+00,0.000E+00,0.000E+00,0.000E+00,0.000E+00,0.000E+00,0.000E+00,0.000E+00,0.000E+00,0.000E+00,0.000E+00,0.000E+00,0.000E+00,0.000E+00,0.000E+00,0.000E+00,0.000E+00,
other machinery 28,0.000E+00,0.000E+00,0.000E+00,0.000E+00,0.000E+00,0.000E+00,0.000E+00,0.000E+00,0.000E+00,0.000E+00,0.000E+00,0.000E+00,0.000E+00,0.000E+00,0.000E+00,0.000E+00,0.000E+00,0.000E+00,0.000E+00,0.000E+00,0.000E+00,0.000E+00,0.000E+00,0.000E+00,0.000E+00,0.000E+00,0.000E+00,0.000E+00,0.000E+00,0.000E+00,0.000E+00,0.000E+00,0.000E+00,0.000E+00,0.000E+00,0.000E+00,0.000E+00,0.000E+00,0.000E+00,0.000E+00,0.000E+00,0.000E+00,0.000E+00,0.000E+00,0.000E+00,0.000E+00,0.000E+00,0.000E+00,0.000E+00,0.000E+00,0.000E+00,0.000E+00,0.000E+00,0.000E+00,0.000E+00,0.000E+00,
road vehicles 29,0.000E+00,0.000E+00,0.000E+00,0.000E+00,0.000E+00,0.000E+00,0.000E+00,0.000E+00,0.000E+00,0.000E+00,0.000E+00,0.000E+00,0.000E+00,0.000E+00,0.000E+00,0.000E+00,0.000E+00,0.000E+00,0.000E+00,0.000E+00,0.000E+00,0.000E+00,0.000E+00,0.000E+00,0.000E+00,0.000E+00,0.000E+00,0.000E+00,0.000E+00,0.000E+00,0.000E+00,0.000E+00,0.000E+00,0.000E+00,0.000E+00,0.000E+00,0.000E+00,0.000E+00,0.000E+00,0.000E+00,0.000E+00,0.000E+00,0.000E+00,0.000E+00,0.000E+00,0.000E+00,0.000E+00,0.000E+00,0.000E+00,0.000E+00,0.000E+00,0.000E+00,0.000E+00,0.000E+00,0.000E+00,0.000E+00,
nonroad vehicles 30,0.000E+00,0.000E+00,0.000E+00,0.000E+00,0.000E+00,0.000E+00,0.000E+00,0.000E+00,0.000E+00,0.000E+00,0.000E+00,0.000E+00,0.000E+00,0.000E+00,0.000E+00,0.000E+00,0.000E+00,0.000E+00,0.000E+00,0.000E+00,0.000E+00,0.000E+00,0.000E+00,0.000E+00,0.000E+00,0.000E+00,0.000E+00,0.000E+00,0.000E+00,0.000E+00,0.000E+00,0.000E+00,0.000E+00,0.000E+00,0.000E+00,0.000E+00,0.000E+00,0.000E+00,0.000E+00,0.000E+00,0.000E+00,0.000E+00,0.000E+00,0.000E+00,0.000E+00,0.000E+00,0.000E+00,0.000E+00,0.000E+00,0.000E+00,0.000E+00,0.000E+00,0.000E+00,0.000E+00,0.000E+00,0.000E+00,
other manufacturing 31T33,0.000E+00,0.000E+00,0.000E+00,0.000E+00,0.000E+00,1.332E+11,1.332E+11,1.468E+11,1.452E+11,1.451E+11,1.415E+11,1.404E+11,1.407E+11,1.419E+11,1.433E+11,1.447E+11,1.462E+11,1.488E+11,1.513E+11,1.537E+11,1.557E+11,1.573E+11,1.594E+11,1.620E+11,1.642E+11,1.667E+11,1.689E+11,1.712E+11,1.736E+11,1.756E+11,1.777E+11,1.800E+11,1.825E+11,1.848E+11,1.869E+11,1.901E+11,1.922E+11,1.944E+11,1.966E+11,1.988E+11,2.010E+11,2.033E+11,2.056E+11,2.079E+11,2.103E+11,2.126E+11,2.150E+11,2.174E+11,2.199E+11,2.224E+11,2.249E+11,2.274E+11,2.300E+11,2.326E+11,2.352E+11,2.378E+11,
energy pipelines and gas processing 352T353,0.000E+00,0.000E+00,0.000E+00,0.000E+00,0.000E+00,3.534E+10,3.534E+10,3.534E+10,3.534E+10,3.740E+10,3.603E+10,3.464E+10,3.432E+10,3.421E+10,3.364E+10,3.345E+10,3.328E+10,3.299E+10,3.267E+10,3.252E+10,3.242E+10,3.234E+10,3.234E+10,3.246E+10,3.264E+10,3.290E+10,3.311E+10,3.338E+10,3.356E+10,3.378E+10,3.397E+10,3.411E+10,3.428E+10,3.426E+10,3.440E+10,3.464E+10,3.451E+10,3.439E+10,3.427E+10,3.414E+10,3.402E+10,3.390E+10,3.378E+10,3.366E+10,3.354E+10,3.342E+10,3.330E+10,3.318E+10,3.306E+10,3.295E+10,3.283E+10,3.271E+10,3.260E+10,3.248E+10,3.236E+10,3.225E+10,
water and waste 36T39,0.000E+00,0.000E+00,0.000E+00,0.000E+00,0.000E+00,2.275E+11,2.275E+11,2.275E+11,2.275E+11,2.332E+11,2.361E+11,2.390E+11,2.419E+11,2.447E+11,2.474E+11,2.502E+11,2.529E+11,2.557E+11,2.582E+11,2.608E+11,2.633E+11,2.659E+11,2.684E+11,2.708E+11,2.731E+11,2.754E+11,2.777E+11,2.800E+11,2.821E+11,2.842E+11,2.863E+11,2.884E+11,2.905E+11,2.923E+11,2.942E+11,2.961E+11,2.989E+11,3.018E+11,3.047E+11,3.076E+11,3.105E+11,3.135E+11,3.165E+11,3.196E+11,3.227E+11,3.258E+11,3.289E+11,3.320E+11,3.352E+11,3.385E+11,3.417E+11,3.450E+11,3.483E+11,3.516E+11,3.550E+11,3.584E+11,
construction 41T43,0.000E+00,0.000E+00,0.000E+00,0.000E+00,0.000E+00,7.270E+10,7.270E+10,7.270E+10,7.270E+10,7.411E+10,7.479E+10,7.547E+10,7.613E+10,7.678E+10,7.741E+10,7.803E+10,7.863E+10,7.922E+10,7.979E+10,8.034E+10,8.087E+10,8.137E+10,8.186E+10,8.232E+10,8.275E+10,8.316E+10,8.355E+10,8.391E+10,8.425E+10,8.456E+10,8.486E+10,8.513E+10,8.538E+10,8.561E+10,8.583E+10,8.602E+10,8.660E+10,8.719E+10,8.777E+10,8.837E+10,8.896E+10,8.956E+10,9.017E+10,9.077E+10,9.138E+10,9.200E+10,9.262E+10,9.325E+10,9.387E+10,9.451E+10,9.514E+10,9.579E+10,9.643E+10,9.708E+10,9.774E+10,9.839E+10,
,,,,,,,,,,,,,,,,,,,,,,,,,,,,,,,,,,,,,,,,,,,,,,,,,,,,,,,,,
,,,,,,,,,,,,,,,,,,,,,,,,,,,,,,,,,,,,,,,,,,,,,,,,,,,,,,,,,
,,,,,,,,,,,,,,,,,,,,,,,,,,,,,,,,,,,,,,,,,,,,,,,,,,,,,,,,,
,,,,,,,,,,,,,,,,,,,,,,,,,,,,,,,,,,,,,,,,,,,,,,,,,,,,,,,,,
,,,,,,,,,,,,,,,,,,,,,,,,,,,,,,,,,,,,,,,,,,,,,,,,,,,,,,,,,
,,,,,,,,,,,,,,,,,,,,,,,,,,,,,,,,,,,,,,,,,,,,,,,,,,,,,,,,,
,,,,,,,,,,,,,,,,,,,,,,,,,,,,,,,,,,,,,,,,,,,,,,,,,,,,,,,,,
,,,,,,,,,,,,,,,,,,,,,,,,,,,,,,,,,,,,,,,,,,,,,,,,,,,,,,,,,
,,,,,,,,,,,,,,,,,,,,,,,,,,,,,,,,,,,,,,,,,,,,,,,,,,,,,,,,,
,,,,,,,,,,,,,,,,,,,,,,,,,,,,,,,,,,,,,,,,,,,,,,,,,,,,,,,,,
,,,,,,,,,,,,,,,,,,,,,,,,,,,,,,,,,,,,,,,,,,,,,,,,,,,,,,,,,
,,,,,,,,,,,,,,,,,,,,,,,,,,,,,,,,,,,,,,,,,,,,,,,,,,,,,,,,,
,,,,,,,,,,,,,,,,,,,,,,,,,,,,,,,,,,,,,,,,,,,,,,,,,,,,,,,,,
,,,,,,,,,,,,,,,,,,,,,,,,,,,,,,,,,,,,,,,,,,,,,,,,,,,,,,,,,
,,,,,,,,,,,,,,,,,,,,,,,,,,,,,,,,,,,,,,,,,,,,,,,,,,,,,,,,,
