Pollutant:,VOC,Unit: grams of VOC,,,,,,,,,,,,,,,,,,,,,,,,,,,,,,,,,,,,,,,,,,,,,,,,,,,,,,
,2015,2016,2017,2018,2019,2020,2021,2022,2023,2024,2025,2026,2027,2028,2029,2030,2031,2032,2033,2034,2035,2036,2037,2038,2039,2040,2041,2042,2043,2044,2045,2046,2047,2048,2049,2050,2051,2052,2053,2054,2055,2056,2057,2058,2059,2060,2061,2062,2063,2064,2065,2066,2067,2068,2069,2070
agriculture and forestry 01T03,0.000E+00,0.000E+00,0.000E+00,0.000E+00,0.000E+00,4.686E+11,4.686E+11,4.686E+11,4.686E+11,4.776E+11,4.820E+11,4.864E+11,4.906E+11,4.948E+11,4.989E+11,5.029E+11,5.068E+11,5.105E+11,5.142E+11,5.177E+11,5.212E+11,5.244E+11,5.275E+11,5.305E+11,5.333E+11,5.360E+11,5.384E+11,5.408E+11,5.430E+11,5.450E+11,5.469E+11,5.486E+11,5.503E+11,5.518E+11,5.531E+11,5.544E+11,5.581E+11,5.619E+11,5.657E+11,5.695E+11,5.733E+11,5.772E+11,5.811E+11,5.850E+11,5.890E+11,5.929E+11,5.969E+11,6.009E+11,6.050E+11,6.091E+11,6.132E+11,6.173E+11,6.215E+11,6.257E+11,6.299E+11,6.341E+11
coal mining 05,0.000E+00,0.000E+00,0.000E+00,0.000E+00,0.000E+00,2.372E+10,2.372E+10,2.372E+10,2.372E+10,2.407E+10,2.423E+10,2.449E+10,2.460E+10,2.467E+10,2.473E+10,2.481E+10,2.490E+10,2.504E+10,2.521E+10,2.538E+10,2.554E+10,2.569E+10,2.585E+10,2.598E+10,2.610E+10,2.620E+10,2.630E+10,2.640E+10,2.651E+10,2.660E+10,2.668E+10,2.675E+10,2.682E+10,2.688E+10,2.694E+10,2.700E+10,2.714E+10,2.727E+10,2.741E+10,2.755E+10,2.768E+10,2.782E+10,2.796E+10,2.810E+10,2.824E+10,2.838E+10,2.852E+10,2.866E+10,2.880E+10,2.895E+10,2.909E+10,2.924E+10,2.938E+10,2.953E+10,2.968E+10,2.982E+10
oil and gas extraction 06,0.000E+00,0.000E+00,0.000E+00,0.000E+00,0.000E+00,2.520E+12,2.520E+12,2.520E+12,2.520E+12,2.670E+12,2.671E+12,2.605E+12,2.617E+12,2.650E+12,2.647E+12,2.669E+12,2.687E+12,2.712E+12,2.744E+12,2.781E+12,2.823E+12,2.859E+12,2.891E+12,2.918E+12,2.944E+12,2.964E+12,2.981E+12,2.992E+12,3.000E+12,3.013E+12,3.021E+12,3.027E+12,3.038E+12,3.026E+12,3.041E+12,3.046E+12,3.071E+12,3.071E+12,3.071E+12,3.071E+12,3.071E+12,3.071E+12,3.071E+12,3.071E+12,3.071E+12,3.071E+12,3.071E+12,3.071E+12,3.071E+12,3.071E+12,3.071E+12,3.071E+12,3.071E+12,3.071E+12,3.071E+12,3.071E+12
other mining and quarrying 07T08,0.000E+00,0.000E+00,0.000E+00,0.000E+00,0.000E+00,0.000E+00,0.000E+00,0.000E+00,0.000E+00,0.000E+00,0.000E+00,0.000E+00,0.000E+00,0.000E+00,0.000E+00,0.000E+00,0.000E+00,0.000E+00,0.000E+00,0.000E+00,0.000E+00,0.000E+00,0.000E+00,0.000E+00,0.000E+00,0.000E+00,0.000E+00,0.000E+00,0.000E+00,0.000E+00,0.000E+00,0.000E+00,0.000E+00,0.000E+00,0.000E+00,0.000E+00,0.000E+00,0.000E+00,0.000E+00,0.000E+00,0.000E+00,0.000E+00,0.000E+00,0.000E+00,0.000E+00,0.000E+00,0.000E+00,0.000E+00,0.000E+00,0.000E+00,0.000E+00,0.000E+00,0.000E+00,0.000E+00,0.000E+00,0.000E+00
food beverage and tobacco 10T12,0.000E+00,0.000E+00,0.000E+00,0.000E+00,0.000E+00,0.000E+00,0.000E+00,0.000E+00,0.000E+00,0.000E+00,0.000E+00,0.000E+00,0.000E+00,0.000E+00,0.000E+00,0.000E+00,0.000E+00,0.000E+00,0.000E+00,0.000E+00,0.000E+00,0.000E+00,0.000E+00,0.000E+00,0.000E+00,0.000E+00,0.000E+00,0.000E+00,0.000E+00,0.000E+00,0.000E+00,0.000E+00,0.000E+00,0.000E+00,0.000E+00,0.000E+00,0.000E+00,0.000E+00,0.000E+00,0.000E+00,0.000E+00,0.000E+00,0.000E+00,0.000E+00,0.000E+00,0.000E+00,0.000E+00,0.000E+00,0.000E+00,0.000E+00,0.000E+00,0.000E+00,0.000E+00,0.000E+00,0.000E+00,0.000E+00
textiles apparel and leather 13T15,0.000E+00,0.000E+00,0.000E+00,0.000E+00,0.000E+00,0.000E+00,0.000E+00,0.000E+00,0.000E+00,0.000E+00,0.000E+00,0.000E+00,0.000E+00,0.000E+00,0.000E+00,0.000E+00,0.000E+00,0.000E+00,0.000E+00,0.000E+00,0.000E+00,0.000E+00,0.000E+00,0.000E+00,0.000E+00,0.000E+00,0.000E+00,0.000E+00,0.000E+00,0.000E+00,0.000E+00,0.000E+00,0.000E+00,0.000E+00,0.000E+00,0.000E+00,0.000E+00,0.000E+00,0.000E+00,0.000E+00,0.000E+00,0.000E+00,0.000E+00,0.000E+00,0.000E+00,0.000E+00,0.000E+00,0.000E+00,0.000E+00,0.000E+00,0.000E+00,0.000E+00,0.000E+00,0.000E+00,0.000E+00,0.000E+00
wood products 16,0.000E+00,0.000E+00,0.000E+00,0.000E+00,0.000E+00,0.000E+00,0.000E+00,0.000E+00,0.000E+00,0.000E+00,0.000E+00,0.000E+00,0.000E+00,0.000E+00,0.000E+00,0.000E+00,0.000E+00,0.000E+00,0.000E+00,0.000E+00,0.000E+00,0.000E+00,0.000E+00,0.000E+00,0.000E+00,0.000E+00,0.000E+00,0.000E+00,0.000E+00,0.000E+00,0.000E+00,0.000E+00,0.000E+00,0.000E+00,0.000E+00,0.000E+00,0.000E+00,0.000E+00,0.000E+00,0.000E+00,0.000E+00,0.000E+00,0.000E+00,0.000E+00,0.000E+00,0.000E+00,0.000E+00,0.000E+00,0.000E+00,0.000E+00,0.000E+00,0.000E+00,0.000E+00,0.000E+00,0.000E+00,0.000E+00
pulp paper and printing 17T18,0.000E+00,0.000E+00,0.000E+00,0.000E+00,0.000E+00,1.251E+11,1.251E+11,1.325E+11,1.295E+11,1.266E+11,1.265E+11,1.271E+11,1.279E+11,1.287E+11,1.294E+11,1.300E+11,1.309E+11,1.319E+11,1.328E+11,1.338E+11,1.348E+11,1.355E+11,1.364E+11,1.371E+11,1.379E+11,1.387E+11,1.395E+11,1.403E+11,1.410E+11,1.415E+11,1.418E+11,1.424E+11,1.433E+11,1.436E+11,1.441E+11,1.452E+11,1.459E+11,1.467E+11,1.474E+11,1.482E+11,1.490E+11,1.497E+11,1.505E+11,1.513E+11,1.521E+11,1.529E+11,1.536E+11,1.544E+11,1.552E+11,1.560E+11,1.569E+11,1.577E+11,1.585E+11,1.593E+11,1.601E+11,1.610E+11
refined petroleum and coke 19,0.000E+00,0.000E+00,0.000E+00,0.000E+00,0.000E+00,1.831E+11,1.831E+11,1.831E+11,1.831E+11,1.946E+11,2.026E+11,2.084E+11,2.115E+11,2.145E+11,2.162E+11,2.189E+11,2.186E+11,2.190E+11,2.178E+11,2.183E+11,2.189E+11,2.181E+11,2.176E+11,2.166E+11,2.164E+11,2.156E+11,2.148E+11,2.132E+11,2.111E+11,2.115E+11,2.127E+11,2.149E+11,2.154E+11,2.160E+11,2.144E+11,2.149E+11,2.167E+11,2.184E+11,2.202E+11,2.220E+11,2.239E+11,2.257E+11,2.276E+11,2.294E+11,2.313E+11,2.332E+11,2.351E+11,2.371E+11,2.390E+11,2.410E+11,2.429E+11,2.449E+11,2.470E+11,2.490E+11,2.510E+11,2.531E+11
chemicals 20,0.000E+00,0.000E+00,0.000E+00,0.000E+00,0.000E+00,8.010E+11,8.010E+11,8.010E+11,8.010E+11,8.485E+11,7.889E+11,7.542E+11,7.808E+11,8.068E+11,8.273E+11,8.446E+11,8.566E+11,8.689E+11,8.846E+11,9.010E+11,9.150E+11,9.314E+11,9.466E+11,9.588E+11,9.727E+11,9.831E+11,9.981E+11,1.017E+12,1.032E+12,1.047E+12,1.062E+12,1.075E+12,1.086E+12,1.103E+12,1.121E+12,1.131E+12,1.143E+12,1.155E+12,1.167E+12,1.179E+12,1.191E+12,1.203E+12,1.215E+12,1.228E+12,1.240E+12,1.253E+12,1.266E+12,1.279E+12,1.292E+12,1.306E+12,1.319E+12,1.333E+12,1.346E+12,1.360E+12,1.374E+12,1.388E+12
rubber and plastic products 22,0.000E+00,0.000E+00,0.000E+00,0.000E+00,0.000E+00,0.000E+00,0.000E+00,0.000E+00,0.000E+00,0.000E+00,0.000E+00,0.000E+00,0.000E+00,0.000E+00,0.000E+00,0.000E+00,0.000E+00,0.000E+00,0.000E+00,0.000E+00,0.000E+00,0.000E+00,0.000E+00,0.000E+00,0.000E+00,0.000E+00,0.000E+00,0.000E+00,0.000E+00,0.000E+00,0.000E+00,0.000E+00,0.000E+00,0.000E+00,0.000E+00,0.000E+00,0.000E+00,0.000E+00,0.000E+00,0.000E+00,0.000E+00,0.000E+00,0.000E+00,0.000E+00,0.000E+00,0.000E+00,0.000E+00,0.000E+00,0.000E+00,0.000E+00,0.000E+00,0.000E+00,0.000E+00,0.000E+00,0.000E+00,0.000E+00
glass and glass products 231,0.000E+00,0.000E+00,0.000E+00,0.000E+00,0.000E+00,0.000E+00,0.000E+00,0.000E+00,0.000E+00,0.000E+00,0.000E+00,0.000E+00,0.000E+00,0.000E+00,0.000E+00,0.000E+00,0.000E+00,0.000E+00,0.000E+00,0.000E+00,0.000E+00,0.000E+00,0.000E+00,0.000E+00,0.000E+00,0.000E+00,0.000E+00,0.000E+00,0.000E+00,0.000E+00,0.000E+00,0.000E+00,0.000E+00,0.000E+00,0.000E+00,0.000E+00,0.000E+00,0.000E+00,0.000E+00,0.000E+00,0.000E+00,0.000E+00,0.000E+00,0.000E+00,0.000E+00,0.000E+00,0.000E+00,0.000E+00,0.000E+00,0.000E+00,0.000E+00,0.000E+00,0.000E+00,0.000E+00,0.000E+00,0.000E+00
cement and other nonmetallic minerals 239,0.000E+00,0.000E+00,0.000E+00,0.000E+00,0.000E+00,9.259E+09,9.259E+09,9.259E+09,9.259E+09,1.014E+10,9.900E+09,9.865E+09,9.995E+09,1.012E+10,1.021E+10,1.030E+10,1.040E+10,1.051E+10,1.062E+10,1.070E+10,1.075E+10,1.082E+10,1.095E+10,1.105E+10,1.114E+10,1.123E+10,1.131E+10,1.140E+10,1.150E+10,1.158E+10,1.163E+10,1.172E+10,1.183E+10,1.191E+10,1.200E+10,1.207E+10,1.218E+10,1.230E+10,1.242E+10,1.254E+10,1.266E+10,1.279E+10,1.291E+10,1.304E+10,1.316E+10,1.329E+10,1.342E+10,1.355E+10,1.368E+10,1.381E+10,1.395E+10,1.408E+10,1.422E+10,1.436E+10,1.450E+10,1.464E+10
iron and steel 241,0.000E+00,0.000E+00,0.000E+00,0.000E+00,0.000E+00,1.305E+10,1.305E+10,1.305E+10,1.305E+10,1.322E+10,1.306E+10,1.291E+10,1.317E+10,1.372E+10,1.401E+10,1.409E+10,1.417E+10,1.412E+10,1.411E+10,1.424E+10,1.422E+10,1.422E+10,1.427E+10,1.432E+10,1.447E+10,1.456E+10,1.460E+10,1.466E+10,1.476E+10,1.487E+10,1.492E+10,1.493E+10,1.491E+10,1.493E+10,1.499E+10,1.501E+10,1.509E+10,1.517E+10,1.526E+10,1.534E+10,1.543E+10,1.551E+10,1.560E+10,1.568E+10,1.577E+10,1.585E+10,1.594E+10,1.603E+10,1.612E+10,1.621E+10,1.630E+10,1.639E+10,1.648E+10,1.657E+10,1.666E+10,1.675E+10
other metals 242,0.000E+00,0.000E+00,0.000E+00,0.000E+00,0.000E+00,1.435E+10,1.435E+10,1.435E+10,1.435E+10,1.485E+10,1.474E+10,1.484E+10,1.520E+10,1.561E+10,1.589E+10,1.609E+10,1.622E+10,1.628E+10,1.636E+10,1.646E+10,1.659E+10,1.678E+10,1.697E+10,1.711E+10,1.728E+10,1.745E+10,1.762E+10,1.774E+10,1.793E+10,1.816E+10,1.834E+10,1.845E+10,1.865E+10,1.887E+10,1.907E+10,1.914E+10,1.933E+10,1.952E+10,1.971E+10,1.990E+10,2.010E+10,2.029E+10,2.049E+10,2.069E+10,2.090E+10,2.110E+10,2.131E+10,2.152E+10,2.173E+10,2.194E+10,2.216E+10,2.238E+10,2.259E+10,2.282E+10,2.304E+10,2.327E+10
metal products except machinery and vehicles 25,0.000E+00,0.000E+00,0.000E+00,0.000E+00,0.000E+00,0.000E+00,0.000E+00,0.000E+00,0.000E+00,0.000E+00,0.000E+00,0.000E+00,0.000E+00,0.000E+00,0.000E+00,0.000E+00,0.000E+00,0.000E+00,0.000E+00,0.000E+00,0.000E+00,0.000E+00,0.000E+00,0.000E+00,0.000E+00,0.000E+00,0.000E+00,0.000E+00,0.000E+00,0.000E+00,0.000E+00,0.000E+00,0.000E+00,0.000E+00,0.000E+00,0.000E+00,0.000E+00,0.000E+00,0.000E+00,0.000E+00,0.000E+00,0.000E+00,0.000E+00,0.000E+00,0.000E+00,0.000E+00,0.000E+00,0.000E+00,0.000E+00,0.000E+00,0.000E+00,0.000E+00,0.000E+00,0.000E+00,0.000E+00,0.000E+00
computers and electronics 26,0.000E+00,0.000E+00,0.000E+00,0.000E+00,0.000E+00,0.000E+00,0.000E+00,0.000E+00,0.000E+00,0.000E+00,0.000E+00,0.000E+00,0.000E+00,0.000E+00,0.000E+00,0.000E+00,0.000E+00,0.000E+00,0.000E+00,0.000E+00,0.000E+00,0.000E+00,0.000E+00,0.000E+00,0.000E+00,0.000E+00,0.000E+00,0.000E+00,0.000E+00,0.000E+00,0.000E+00,0.000E+00,0.000E+00,0.000E+00,0.000E+00,0.000E+00,0.000E+00,0.000E+00,0.000E+00,0.000E+00,0.000E+00,0.000E+00,0.000E+00,0.000E+00,0.000E+00,0.000E+00,0.000E+00,0.000E+00,0.000E+00,0.000E+00,0.000E+00,0.000E+00,0.000E+00,0.000E+00,0.000E+00,0.000E+00
appliances and electrical equipment 27,0.000E+00,0.000E+00,0.000E+00,0.000E+00,0.000E+00,0.000E+00,0.000E+00,0.000E+00,0.000E+00,0.000E+00,0.000E+00,0.000E+00,0.000E+00,0.000E+00,0.000E+00,0.000E+00,0.000E+00,0.000E+00,0.000E+00,0.000E+00,0.000E+00,0.000E+00,0.000E+00,0.000E+00,0.000E+00,0.000E+00,0.000E+00,0.000E+00,0.000E+00,0.000E+00,0.000E+00,0.000E+00,0.000E+00,0.000E+00,0.000E+00,0.000E+00,0.000E+00,0.000E+00,0.000E+00,0.000E+00,0.000E+00,0.000E+00,0.000E+00,0.000E+00,0.000E+00,0.000E+00,0.000E+00,0.000E+00,0.000E+00,0.000E+00,0.000E+00,0.000E+00,0.000E+00,0.000E+00,0.000E+00,0.000E+00
other machinery 28,0.000E+00,0.000E+00,0.000E+00,0.000E+00,0.000E+00,0.000E+00,0.000E+00,0.000E+00,0.000E+00,0.000E+00,0.000E+00,0.000E+00,0.000E+00,0.000E+00,0.000E+00,0.000E+00,0.000E+00,0.000E+00,0.000E+00,0.000E+00,0.000E+00,0.000E+00,0.000E+00,0.000E+00,0.000E+00,0.000E+00,0.000E+00,0.000E+00,0.000E+00,0.000E+00,0.000E+00,0.000E+00,0.000E+00,0.000E+00,0.000E+00,0.000E+00,0.000E+00,0.000E+00,0.000E+00,0.000E+00,0.000E+00,0.000E+00,0.000E+00,0.000E+00,0.000E+00,0.000E+00,0.000E+00,0.000E+00,0.000E+00,0.000E+00,0.000E+00,0.000E+00,0.000E+00,0.000E+00,0.000E+00,0.000E+00
road vehicles 29,0.000E+00,0.000E+00,0.000E+00,0.000E+00,0.000E+00,0.000E+00,0.000E+00,0.000E+00,0.000E+00,0.000E+00,0.000E+00,0.000E+00,0.000E+00,0.000E+00,0.000E+00,0.000E+00,0.000E+00,0.000E+00,0.000E+00,0.000E+00,0.000E+00,0.000E+00,0.000E+00,0.000E+00,0.000E+00,0.000E+00,0.000E+00,0.000E+00,0.000E+00,0.000E+00,0.000E+00,0.000E+00,0.000E+00,0.000E+00,0.000E+00,0.000E+00,0.000E+00,0.000E+00,0.000E+00,0.000E+00,0.000E+00,0.000E+00,0.000E+00,0.000E+00,0.000E+00,0.000E+00,0.000E+00,0.000E+00,0.000E+00,0.000E+00,0.000E+00,0.000E+00,0.000E+00,0.000E+00,0.000E+00,0.000E+00
nonroad vehicles 30,0.000E+00,0.000E+00,0.000E+00,0.000E+00,0.000E+00,0.000E+00,0.000E+00,0.000E+00,0.000E+00,0.000E+00,0.000E+00,0.000E+00,0.000E+00,0.000E+00,0.000E+00,0.000E+00,0.000E+00,0.000E+00,0.000E+00,0.000E+00,0.000E+00,0.000E+00,0.000E+00,0.000E+00,0.000E+00,0.000E+00,0.000E+00,0.000E+00,0.000E+00,0.000E+00,0.000E+00,0.000E+00,0.000E+00,0.000E+00,0.000E+00,0.000E+00,0.000E+00,0.000E+00,0.000E+00,0.000E+00,0.000E+00,0.000E+00,0.000E+00,0.000E+00,0.000E+00,0.000E+00,0.000E+00,0.000E+00,0.000E+00,0.000E+00,0.000E+00,0.000E+00,0.000E+00,0.000E+00,0.000E+00,0.000E+00
other manufacturing 31T33,0.000E+00,0.000E+00,0.000E+00,0.000E+00,0.000E+00,1.895E+11,1.895E+11,2.083E+11,2.060E+11,2.060E+11,2.011E+11,1.996E+11,2.001E+11,2.018E+11,2.037E+11,2.057E+11,2.078E+11,2.114E+11,2.150E+11,2.184E+11,2.211E+11,2.234E+11,2.264E+11,2.299E+11,2.330E+11,2.365E+11,2.396E+11,2.429E+11,2.461E+11,2.489E+11,2.518E+11,2.550E+11,2.585E+11,2.617E+11,2.646E+11,2.691E+11,2.721E+11,2.751E+11,2.782E+11,2.813E+11,2.844E+11,2.876E+11,2.908E+11,2.940E+11,2.973E+11,3.006E+11,3.040E+11,3.074E+11,3.108E+11,3.142E+11,3.177E+11,3.213E+11,3.249E+11,3.285E+11,3.321E+11,3.358E+11
energy pipelines and gas processing 352T353,0.000E+00,0.000E+00,0.000E+00,0.000E+00,0.000E+00,1.960E+11,1.960E+11,1.960E+11,1.960E+11,2.074E+11,1.998E+11,1.921E+11,1.903E+11,1.897E+11,1.865E+11,1.855E+11,1.845E+11,1.829E+11,1.812E+11,1.803E+11,1.797E+11,1.793E+11,1.793E+11,1.800E+11,1.810E+11,1.824E+11,1.836E+11,1.851E+11,1.861E+11,1.873E+11,1.883E+11,1.891E+11,1.901E+11,1.899E+11,1.907E+11,1.921E+11,1.914E+11,1.907E+11,1.900E+11,1.893E+11,1.887E+11,1.880E+11,1.873E+11,1.866E+11,1.860E+11,1.853E+11,1.846E+11,1.840E+11,1.833E+11,1.827E+11,1.820E+11,1.814E+11,1.807E+11,1.801E+11,1.794E+11,1.788E+11
water and waste 36T39,0.000E+00,0.000E+00,0.000E+00,0.000E+00,0.000E+00,1.725E+11,1.725E+11,1.725E+11,1.725E+11,1.769E+11,1.791E+11,1.812E+11,1.834E+11,1.855E+11,1.876E+11,1.897E+11,1.918E+11,1.939E+11,1.958E+11,1.977E+11,1.997E+11,2.016E+11,2.036E+11,2.053E+11,2.071E+11,2.088E+11,2.106E+11,2.123E+11,2.139E+11,2.155E+11,2.171E+11,2.187E+11,2.203E+11,2.217E+11,2.231E+11,2.245E+11,2.266E+11,2.288E+11,2.310E+11,2.332E+11,2.355E+11,2.377E+11,2.400E+11,2.423E+11,2.447E+11,2.470E+11,2.494E+11,2.518E+11,2.542E+11,2.566E+11,2.591E+11,2.616E+11,2.641E+11,2.667E+11,2.692E+11,2.718E+11
construction 41T43,0.000E+00,0.000E+00,0.000E+00,0.000E+00,0.000E+00,7.530E+11,7.530E+11,7.530E+11,7.530E+11,7.676E+11,7.747E+11,7.817E+11,7.885E+11,7.952E+11,8.018E+11,8.082E+11,8.144E+11,8.205E+11,8.264E+11,8.321E+11,8.376E+11,8.428E+11,8.478E+11,8.526E+11,8.571E+11,8.613E+11,8.653E+11,8.691E+11,8.726E+11,8.759E+11,8.789E+11,8.817E+11,8.843E+11,8.867E+11,8.890E+11,8.910E+11,8.970E+11,9.030E+11,9.091E+11,9.152E+11,9.214E+11,9.276E+11,9.339E+11,9.402E+11,9.465E+11,9.529E+11,9.593E+11,9.658E+11,9.723E+11,9.788E+11,9.854E+11,9.921E+11,9.988E+11,1.006E+12,1.012E+12,1.019E+12
,,,,,,,,,,,,,,,,,,,,,,,,,,,,,,,,,,,,,,,,,,,,,,,,,,,,,,,,
,,,,,,,,,,,,,,,,,,,,,,,,,,,,,,,,,,,,,,,,,,,,,,,,,,,,,,,,
,,,,,,,,,,,,,,,,,,,,,,,,,,,,,,,,,,,,,,,,,,,,,,,,,,,,,,,,
,,,,,,,,,,,,,,,,,,,,,,,,,,,,,,,,,,,,,,,,,,,,,,,,,,,,,,,,
,,,,,,,,,,,,,,,,,,,,,,,,,,,,,,,,,,,,,,,,,,,,,,,,,,,,,,,,
,,,,,,,,,,,,,,,,,,,,,,,,,,,,,,,,,,,,,,,,,,,,,,,,,,,,,,,,
,,,,,,,,,,,,,,,,,,,,,,,,,,,,,,,,,,,,,,,,,,,,,,,,,,,,,,,,
,,,,,,,,,,,,,,,,,,,,,,,,,,,,,,,,,,,,,,,,,,,,,,,,,,,,,,,,
,,,,,,,,,,,,,,,,,,,,,,,,,,,,,,,,,,,,,,,,,,,,,,,,,,,,,,,,
,,,,,,,,,,,,,,,,,,,,,,,,,,,,,,,,,,,,,,,,,,,,,,,,,,,,,,,,
,,,,,,,,,,,,,,,,,,,,,,,,,,,,,,,,,,,,,,,,,,,,,,,,,,,,,,,,
,,,,,,,,,,,,,,,,,,,,,,,,,,,,,,,,,,,,,,,,,,,,,,,,,,,,,,,,
,,,,,,,,,,,,,,,,,,,,,,,,,,,,,,,,,,,,,,,,,,,,,,,,,,,,,,,,
,,,,,,,,,,,,,,,,,,,,,,,,,,,,,,,,,,,,,,,,,,,,,,,,,,,,,,,,
