Pollutant:,OC,Unit: grams of OC,,,,,,,,,,,,,,,,,,,,,,,,,,,,,,,,,,
,2015,2016,2017,2018,2019,2020,2021,2022,2023,2024,2025,2026,2027,2028,2029,2030,2031,2032,2033,2034,2035,2036,2037,2038,2039,2040,2041,2042,2043,2044,2045,2046,2047,2048,2049,2050
agriculture and forestry 01T03,0.000E+00,0.000E+00,0.000E+00,0.000E+00,0.000E+00,6.254E+09,6.254E+09,6.254E+09,6.254E+09,6.375E+09,6.434E+09,6.492E+09,6.549E+09,6.605E+09,6.659E+09,6.713E+09,6.764E+09,6.815E+09,6.864E+09,6.911E+09,6.956E+09,7.000E+09,7.042E+09,7.081E+09,7.119E+09,7.154E+09,7.187E+09,7.218E+09,7.247E+09,7.275E+09,7.300E+09,7.323E+09,7.345E+09,7.365E+09,7.383E+09,7.400E+09
coal mining 05,0.000E+00,0.000E+00,0.000E+00,0.000E+00,0.000E+00,9.327E+08,9.327E+08,9.327E+08,9.327E+08,9.246E+08,9.177E+08,9.358E+08,9.187E+08,8.925E+08,8.634E+08,8.412E+08,8.244E+08,8.184E+08,8.219E+08,8.275E+08,8.303E+08,8.334E+08,8.392E+08,8.405E+08,8.401E+08,8.377E+08,8.364E+08,8.363E+08,8.395E+08,8.425E+08,8.418E+08,8.408E+08,8.404E+08,8.402E+08,8.409E+08,8.423E+08
oil and gas extraction 06,0.000E+00,0.000E+00,0.000E+00,0.000E+00,0.000E+00,4.741E+09,4.741E+09,4.741E+09,4.741E+09,4.996E+09,5.005E+09,4.905E+09,4.930E+09,4.989E+09,4.990E+09,5.031E+09,5.065E+09,5.113E+09,5.169E+09,5.233E+09,5.306E+09,5.369E+09,5.426E+09,5.473E+09,5.519E+09,5.555E+09,5.587E+09,5.607E+09,5.624E+09,5.647E+09,5.663E+09,5.675E+09,5.695E+09,5.678E+09,5.704E+09,5.714E+09
other mining and quarrying 07T08,0.000E+00,0.000E+00,0.000E+00,0.000E+00,0.000E+00,0.000E+00,0.000E+00,0.000E+00,0.000E+00,0.000E+00,0.000E+00,0.000E+00,0.000E+00,0.000E+00,0.000E+00,0.000E+00,0.000E+00,0.000E+00,0.000E+00,0.000E+00,0.000E+00,0.000E+00,0.000E+00,0.000E+00,0.000E+00,0.000E+00,0.000E+00,0.000E+00,0.000E+00,0.000E+00,0.000E+00,0.000E+00,0.000E+00,0.000E+00,0.000E+00,0.000E+00
food beverage and tobacco 10T12,0.000E+00,0.000E+00,0.000E+00,0.000E+00,0.000E+00,0.000E+00,0.000E+00,0.000E+00,0.000E+00,0.000E+00,0.000E+00,0.000E+00,0.000E+00,0.000E+00,0.000E+00,0.000E+00,0.000E+00,0.000E+00,0.000E+00,0.000E+00,0.000E+00,0.000E+00,0.000E+00,0.000E+00,0.000E+00,0.000E+00,0.000E+00,0.000E+00,0.000E+00,0.000E+00,0.000E+00,0.000E+00,0.000E+00,0.000E+00,0.000E+00,0.000E+00
textiles apparel and leather 13T15,0.000E+00,0.000E+00,0.000E+00,0.000E+00,0.000E+00,0.000E+00,0.000E+00,0.000E+00,0.000E+00,0.000E+00,0.000E+00,0.000E+00,0.000E+00,0.000E+00,0.000E+00,0.000E+00,0.000E+00,0.000E+00,0.000E+00,0.000E+00,0.000E+00,0.000E+00,0.000E+00,0.000E+00,0.000E+00,0.000E+00,0.000E+00,0.000E+00,0.000E+00,0.000E+00,0.000E+00,0.000E+00,0.000E+00,0.000E+00,0.000E+00,0.000E+00
wood products 16,0.000E+00,0.000E+00,0.000E+00,0.000E+00,0.000E+00,0.000E+00,0.000E+00,0.000E+00,0.000E+00,0.000E+00,0.000E+00,0.000E+00,0.000E+00,0.000E+00,0.000E+00,0.000E+00,0.000E+00,0.000E+00,0.000E+00,0.000E+00,0.000E+00,0.000E+00,0.000E+00,0.000E+00,0.000E+00,0.000E+00,0.000E+00,0.000E+00,0.000E+00,0.000E+00,0.000E+00,0.000E+00,0.000E+00,0.000E+00,0.000E+00,0.000E+00
pulp paper and printing 17T18,0.000E+00,0.000E+00,0.000E+00,0.000E+00,0.000E+00,6.677E+09,6.677E+09,7.072E+09,6.911E+09,6.759E+09,6.750E+09,6.784E+09,6.827E+09,6.867E+09,6.904E+09,6.936E+09,6.985E+09,7.041E+09,7.087E+09,7.137E+09,7.190E+09,7.231E+09,7.277E+09,7.316E+09,7.358E+09,7.402E+09,7.443E+09,7.488E+09,7.526E+09,7.551E+09,7.566E+09,7.598E+09,7.645E+09,7.665E+09,7.691E+09,7.746E+09
refined petroleum and coke 19,0.000E+00,0.000E+00,0.000E+00,0.000E+00,0.000E+00,2.264E+09,2.264E+09,2.264E+09,2.264E+09,2.405E+09,2.505E+09,2.576E+09,2.615E+09,2.652E+09,2.673E+09,2.706E+09,2.702E+09,2.707E+09,2.693E+09,2.699E+09,2.706E+09,2.696E+09,2.690E+09,2.678E+09,2.675E+09,2.666E+09,2.656E+09,2.636E+09,2.609E+09,2.615E+09,2.629E+09,2.657E+09,2.663E+09,2.670E+09,2.650E+09,2.657E+09
chemicals 20,0.000E+00,0.000E+00,0.000E+00,0.000E+00,0.000E+00,3.466E+09,3.466E+09,3.466E+09,3.466E+09,3.643E+09,3.445E+09,3.333E+09,3.431E+09,3.527E+09,3.603E+09,3.669E+09,3.716E+09,3.764E+09,3.823E+09,3.885E+09,3.938E+09,3.999E+09,4.056E+09,4.103E+09,4.154E+09,4.194E+09,4.249E+09,4.316E+09,4.373E+09,4.427E+09,4.483E+09,4.528E+09,4.568E+09,4.628E+09,4.693E+09,4.730E+09
rubber and plastic products 22,0.000E+00,0.000E+00,0.000E+00,0.000E+00,0.000E+00,0.000E+00,0.000E+00,0.000E+00,0.000E+00,0.000E+00,0.000E+00,0.000E+00,0.000E+00,0.000E+00,0.000E+00,0.000E+00,0.000E+00,0.000E+00,0.000E+00,0.000E+00,0.000E+00,0.000E+00,0.000E+00,0.000E+00,0.000E+00,0.000E+00,0.000E+00,0.000E+00,0.000E+00,0.000E+00,0.000E+00,0.000E+00,0.000E+00,0.000E+00,0.000E+00,0.000E+00
glass and glass products 231,0.000E+00,0.000E+00,0.000E+00,0.000E+00,0.000E+00,0.000E+00,0.000E+00,0.000E+00,0.000E+00,0.000E+00,0.000E+00,0.000E+00,0.000E+00,0.000E+00,0.000E+00,0.000E+00,0.000E+00,0.000E+00,0.000E+00,0.000E+00,0.000E+00,0.000E+00,0.000E+00,0.000E+00,0.000E+00,0.000E+00,0.000E+00,0.000E+00,0.000E+00,0.000E+00,0.000E+00,0.000E+00,0.000E+00,0.000E+00,0.000E+00,0.000E+00
cement and other nonmetallic minerals 239,0.000E+00,0.000E+00,0.000E+00,0.000E+00,0.000E+00,9.506E+08,9.506E+08,9.506E+08,9.506E+08,1.081E+09,1.038E+09,1.027E+09,1.043E+09,1.058E+09,1.069E+09,1.078E+09,1.091E+09,1.104E+09,1.116E+09,1.125E+09,1.130E+09,1.138E+09,1.154E+09,1.167E+09,1.178E+09,1.190E+09,1.199E+09,1.211E+09,1.225E+09,1.235E+09,1.241E+09,1.254E+09,1.269E+09,1.281E+09,1.293E+09,1.303E+09
iron and steel 241,0.000E+00,0.000E+00,0.000E+00,0.000E+00,0.000E+00,2.394E+09,2.394E+09,2.394E+09,2.394E+09,2.423E+09,2.385E+09,2.349E+09,2.402E+09,2.514E+09,2.573E+09,2.587E+09,2.600E+09,2.587E+09,2.582E+09,2.608E+09,2.599E+09,2.598E+09,2.606E+09,2.613E+09,2.643E+09,2.661E+09,2.667E+09,2.678E+09,2.698E+09,2.719E+09,2.727E+09,2.728E+09,2.722E+09,2.727E+09,2.739E+09,2.741E+09
other metals 242,0.000E+00,0.000E+00,0.000E+00,0.000E+00,0.000E+00,1.021E+09,1.021E+09,1.021E+09,1.021E+09,1.059E+09,1.049E+09,1.055E+09,1.084E+09,1.117E+09,1.140E+09,1.156E+09,1.165E+09,1.168E+09,1.173E+09,1.180E+09,1.190E+09,1.205E+09,1.220E+09,1.231E+09,1.244E+09,1.257E+09,1.271E+09,1.280E+09,1.296E+09,1.315E+09,1.329E+09,1.338E+09,1.354E+09,1.373E+09,1.389E+09,1.395E+09
metal products except machinery and vehicles 25,0.000E+00,0.000E+00,0.000E+00,0.000E+00,0.000E+00,0.000E+00,0.000E+00,0.000E+00,0.000E+00,0.000E+00,0.000E+00,0.000E+00,0.000E+00,0.000E+00,0.000E+00,0.000E+00,0.000E+00,0.000E+00,0.000E+00,0.000E+00,0.000E+00,0.000E+00,0.000E+00,0.000E+00,0.000E+00,0.000E+00,0.000E+00,0.000E+00,0.000E+00,0.000E+00,0.000E+00,0.000E+00,0.000E+00,0.000E+00,0.000E+00,0.000E+00
computers and electronics 26,0.000E+00,0.000E+00,0.000E+00,0.000E+00,0.000E+00,0.000E+00,0.000E+00,0.000E+00,0.000E+00,0.000E+00,0.000E+00,0.000E+00,0.000E+00,0.000E+00,0.000E+00,0.000E+00,0.000E+00,0.000E+00,0.000E+00,0.000E+00,0.000E+00,0.000E+00,0.000E+00,0.000E+00,0.000E+00,0.000E+00,0.000E+00,0.000E+00,0.000E+00,0.000E+00,0.000E+00,0.000E+00,0.000E+00,0.000E+00,0.000E+00,0.000E+00
appliances and electrical equipment 27,0.000E+00,0.000E+00,0.000E+00,0.000E+00,0.000E+00,0.000E+00,0.000E+00,0.000E+00,0.000E+00,0.000E+00,0.000E+00,0.000E+00,0.000E+00,0.000E+00,0.000E+00,0.000E+00,0.000E+00,0.000E+00,0.000E+00,0.000E+00,0.000E+00,0.000E+00,0.000E+00,0.000E+00,0.000E+00,0.000E+00,0.000E+00,0.000E+00,0.000E+00,0.000E+00,0.000E+00,0.000E+00,0.000E+00,0.000E+00,0.000E+00,0.000E+00
other machinery 28,0.000E+00,0.000E+00,0.000E+00,0.000E+00,0.000E+00,0.000E+00,0.000E+00,0.000E+00,0.000E+00,0.000E+00,0.000E+00,0.000E+00,0.000E+00,0.000E+00,0.000E+00,0.000E+00,0.000E+00,0.000E+00,0.000E+00,0.000E+00,0.000E+00,0.000E+00,0.000E+00,0.000E+00,0.000E+00,0.000E+00,0.000E+00,0.000E+00,0.000E+00,0.000E+00,0.000E+00,0.000E+00,0.000E+00,0.000E+00,0.000E+00,0.000E+00
road vehicles 29,0.000E+00,0.000E+00,0.000E+00,0.000E+00,0.000E+00,0.000E+00,0.000E+00,0.000E+00,0.000E+00,0.000E+00,0.000E+00,0.000E+00,0.000E+00,0.000E+00,0.000E+00,0.000E+00,0.000E+00,0.000E+00,0.000E+00,0.000E+00,0.000E+00,0.000E+00,0.000E+00,0.000E+00,0.000E+00,0.000E+00,0.000E+00,0.000E+00,0.000E+00,0.000E+00,0.000E+00,0.000E+00,0.000E+00,0.000E+00,0.000E+00,0.000E+00
nonroad vehicles 30,0.000E+00,0.000E+00,0.000E+00,0.000E+00,0.000E+00,0.000E+00,0.000E+00,0.000E+00,0.000E+00,0.000E+00,0.000E+00,0.000E+00,0.000E+00,0.000E+00,0.000E+00,0.000E+00,0.000E+00,0.000E+00,0.000E+00,0.000E+00,0.000E+00,0.000E+00,0.000E+00,0.000E+00,0.000E+00,0.000E+00,0.000E+00,0.000E+00,0.000E+00,0.000E+00,0.000E+00,0.000E+00,0.000E+00,0.000E+00,0.000E+00,0.000E+00
other manufacturing 31T33,0.000E+00,0.000E+00,0.000E+00,0.000E+00,0.000E+00,8.579E+09,8.579E+09,9.442E+09,9.338E+09,9.335E+09,9.106E+09,9.039E+09,9.059E+09,9.137E+09,9.225E+09,9.315E+09,9.409E+09,9.575E+09,9.737E+09,9.893E+09,1.002E+10,1.012E+10,1.026E+10,1.042E+10,1.056E+10,1.072E+10,1.086E+10,1.101E+10,1.116E+10,1.129E+10,1.142E+10,1.157E+10,1.173E+10,1.187E+10,1.201E+10,1.221E+10
energy pipelines and gas processing 352T353,0.000E+00,0.000E+00,0.000E+00,0.000E+00,0.000E+00,1.181E+09,1.181E+09,1.181E+09,1.181E+09,1.249E+09,1.204E+09,1.157E+09,1.146E+09,1.143E+09,1.124E+09,1.118E+09,1.112E+09,1.102E+09,1.092E+09,1.086E+09,1.083E+09,1.080E+09,1.081E+09,1.085E+09,1.091E+09,1.099E+09,1.106E+09,1.115E+09,1.121E+09,1.128E+09,1.135E+09,1.140E+09,1.145E+09,1.145E+09,1.149E+09,1.157E+09
water and waste 36T39,0.000E+00,0.000E+00,0.000E+00,0.000E+00,0.000E+00,7.669E+10,7.669E+10,7.669E+10,7.669E+10,7.864E+10,7.962E+10,8.059E+10,8.157E+10,8.249E+10,8.342E+10,8.435E+10,8.527E+10,8.620E+10,8.706E+10,8.792E+10,8.879E+10,8.965E+10,9.051E+10,9.129E+10,9.207E+10,9.285E+10,9.364E+10,9.442E+10,9.512E+10,9.583E+10,9.653E+10,9.724E+10,9.794E+10,9.857E+10,9.919E+10,9.982E+10
construction 41T43,0.000E+00,0.000E+00,0.000E+00,0.000E+00,0.000E+00,1.955E+10,1.955E+10,1.955E+10,1.955E+10,1.993E+10,2.011E+10,2.029E+10,2.047E+10,2.065E+10,2.082E+10,2.098E+10,2.115E+10,2.130E+10,2.146E+10,2.160E+10,2.175E+10,2.188E+10,2.201E+10,2.214E+10,2.225E+10,2.236E+10,2.247E+10,2.256E+10,2.266E+10,2.274E+10,2.282E+10,2.289E+10,2.296E+10,2.302E+10,2.308E+10,2.313E+10
