Policy:,livestock measures,Unit: g CO2e,,,,,,,,,,,,,,,,,,,,,,,,,,,,,,,,,,,
Lower Bound,Upper Bound,2015,2016,2017,2018,2019,2020,2021,2022,2023,2024,2025,2026,2027,2028,2029,2030,2031,2032,2033,2034,2035,2036,2037,2038,2039,2040,2041,2042,2043,2044,2045,2046,2047,2048,2049,2050
-1150,-1100,0,0,0,0,0,0,0,0,0,0,0,0,0,0,0,0,0,0,0,0,0,0,0,0,0,0,0,0,0,0,0,0,0,0,0,0
-1100,-1050,0,0,0,0,0,0,0,0,0,0,0,0,0,0,0,0,0,0,0,0,0,0,0,0,0,0,0,0,0,0,0,0,0,0,0,0
-1050,-1000,0,0,0,0,0,0,0,0,0,0,0,0,0,0,0,0,0,0,0,0,0,0,0,0,0,0,0,0,0,0,0,0,0,0,0,0
-1000,-950,0,0,0,0,0,0,0,0,0,0,0,44402400012,88804800024,1.33207E+11,1.7761E+11,2.22012E+11,1.7761E+11,1.33207E+11,88804800024,44402400012,0,0,0,0,0,0,0,0,0,0,0,0,0,0,0,0
-950,-900,0,0,0,0,0,0,0,0,0,0,0,0,0,0,0,0,0,0,0,0,0,0,0,0,0,0,0,0,0,0,0,0,0,0,0,0
-900,-850,0,0,0,0,0,0,42910784040,85821568080,1.28732E+11,1.71643E+11,2.14554E+11,1.71643E+11,1.28732E+11,85821568080,42910784040,0,0,0,0,0,0,0,0,0,0,0,0,0,0,0,0,0,0,0,0,0
-850,-800,0,40776288111,81552576223,1.22329E+11,1.63105E+11,2.03881E+11,1.63105E+11,1.22329E+11,81552576223,40776288111,0,0,0,0,0,0,0,0,0,0,0,0,0,0,0,0,0,0,0,0,0,0,0,0,0,0
-800,-750,0,0,0,0,0,0,0,0,0,0,0,0,0,0,0,0,0,0,0,0,0,0,0,0,0,0,0,0,0,0,0,0,0,0,0,0
-750,-700,1.9205E+11,1.5364E+11,1.1523E+11,76819902816,38409951408,0,0,0,0,0,0,0,0,0,0,0,0,0,0,0,0,0,0,0,0,0,0,0,0,0,0,0,0,0,0,0
-700,-650,3.98089E+11,3.18472E+11,2.38854E+11,1.59236E+11,79617887881,0,0,0,0,0,0,0,0,0,0,0,0,0,0,0,0,0,0,0,0,0,0,0,0,0,0,0,0,0,0,0
-650,-600,0,84523039784,1.69046E+11,2.53569E+11,3.38092E+11,4.22615E+11,3.38092E+11,2.53569E+11,1.69046E+11,84523039784,0,0,0,0,0,0,0,0,0,0,0,0,0,0,0,0,0,0,0,0,0,0,0,0,0,0
-600,-550,0,0,0,0,0,0,88946591081,1.77893E+11,2.6684E+11,3.55786E+11,4.44733E+11,3.55786E+11,2.6684E+11,1.77893E+11,88946591081,0,0,0,0,0,0,0,0,0,0,0,0,0,0,0,0,0,0,0,0,0
-550,-500,0,0,0,0,0,0,0,0,0,0,0,92039584331,1.84079E+11,2.76119E+11,3.68158E+11,4.60198E+11,3.68158E+11,2.76119E+11,1.84079E+11,92039584331,0,0,0,0,0,0,0,0,0,0,0,0,0,0,0,0
-500,-450,0,0,0,0,0,0,0,0,0,0,0,0,0,0,0,0,0,0,0,0,0,0,0,0,0,0,0,0,0,0,0,0,0,0,0,0
-450,-400,0,0,0,0,0,0,0,0,0,0,0,3.03263E+11,6.06526E+11,9.09789E+11,1.21305E+12,1.51631E+12,1.21305E+12,9.09789E+11,6.06526E+11,3.03263E+11,0,0,0,0,0,0,0,0,0,0,0,0,0,0,0,0
-400,-350,1.09357E+12,1.12267E+12,1.15176E+12,1.18085E+12,1.20994E+12,1.23904E+12,1.26838E+12,1.29773E+12,1.32708E+12,1.35643E+12,1.38577E+12,1.10862E+12,8.31464E+11,5.5431E+11,2.77155E+11,0,0,0,0,0,0,0,0,0,0,0,0,0,0,0,0,0,0,0,0,0
-350,-300,0,0,0,0,0,0,0,0,0,0,0,0,0,0,0,0,0,0,0,0,0,0,0,0,0,0,0,0,0,0,0,0,0,0,0,0
-300,-250,0,0,0,0,0,0,0,0,0,0,0,0,0,0,0,0,0,0,0,0,0,0,0,0,0,0,0,0,0,0,0,0,0,0,0,0
-250,-200,0,0,0,0,0,0,0,0,0,0,0,0,0,0,0,0,0,0,0,0,0,0,0,0,0,0,0,0,0,0,0,0,0,0,0,0
-200,-150,0,0,0,0,0,0,0,0,0,0,0,0,0,0,0,0,0,0,0,0,0,0,0,0,0,0,0,0,0,0,0,0,0,0,0,0
-150,-100,2.15416E+12,2.18071E+12,2.20725E+12,2.23379E+12,2.26033E+12,2.28688E+12,2.31082E+12,2.33476E+12,2.35869E+12,2.38263E+12,2.40657E+12,2.42331E+12,2.44004E+12,2.45677E+12,2.4735E+12,2.49024E+12,1.99219E+12,1.49414E+12,9.96095E+11,4.98047E+11,0,0,0,0,0,0,0,0,0,0,0,0,0,0,0,0
-100,-90,0,0,0,0,0,0,0,0,0,0,0,0,0,0,0,0,0,0,0,0,0,0,0,0,0,0,0,0,0,0,0,0,0,0,0,0
-90,-80,1.23215E+12,1.24733E+12,1.26251E+12,1.27769E+12,1.29287E+12,1.30805E+12,1.32175E+12,1.33544E+12,1.34913E+12,1.36283E+12,1.37652E+12,1.38609E+12,1.39566E+12,1.40523E+12,1.4148E+12,1.42437E+12,1.1395E+12,8.54624E+11,5.69749E+11,2.84875E+11,0,0,0,0,0,0,0,0,0,0,0,0,0,0,0,0
-80,-70,0,0,0,0,0,0,0,0,0,0,0,0,0,0,0,0,0,0,0,0,0,0,0,0,0,0,0,0,0,0,0,0,0,0,0,0
-70,-60,0,0,0,0,0,0,0,0,0,0,0,0,0,0,0,0,0,0,0,0,0,0,0,0,0,0,0,0,0,0,0,0,0,0,0,0
-60,-50,0,0,0,0,0,0,0,0,0,0,0,0,0,0,0,0,0,0,0,0,0,0,0,0,0,0,0,0,0,0,0,0,0,0,0,0
-50,-40,2.00558E+12,2.02747E+12,2.04936E+12,2.07126E+12,2.09315E+12,2.11504E+12,2.1365E+12,2.15797E+12,2.17943E+12,2.2009E+12,2.22236E+12,2.24009E+12,2.25782E+12,2.27555E+12,2.29328E+12,2.31101E+12,1.84881E+12,1.38661E+12,9.24404E+11,4.62202E+11,0,0,0,0,0,0,0,0,0,0,0,0,0,0,0,0
-40,-30,0,0,0,0,0,0,0,0,0,0,0,0,0,0,0,0,0,0,0,0,0,0,0,0,0,0,0,0,0,0,0,0,0,0,0,0
-30,-20,0,0,0,0,0,0,0,0,0,0,0,0,0,0,0,0,0,0,0,0,0,0,0,0,0,0,0,0,0,0,0,71771615265,1.43543E+11,2.15315E+11,2.87086E+11,3.58858E+11
-20,-10,0,0,0,0,0,0,0,0,0,0,0,0,0,0,0,0,3.5832E+11,7.16639E+11,1.07496E+12,1.43328E+12,1.7916E+12,1.79621E+12,1.80081E+12,1.80542E+12,1.81003E+12,1.81464E+12,1.81542E+12,1.8162E+12,1.81698E+12,1.81775E+12,1.81853E+12,1.7456E+12,1.67266E+12,1.59973E+12,1.52679E+12,1.45386E+12
-10,0,2.11443E+12,1.69154E+12,1.26866E+12,8.45772E+11,4.22886E+11,0,0,0,0,0,0,0,0,0,0,0,0,0,0,0,0,0,0,0,0,0,0,0,0,0,0,0,0,0,0,0
0,0,2.00558E+12,1.60446E+12,1.20335E+12,8.02231E+11,4.01116E+11,0,0,0,0,0,0,0,0,0,0,0,0,0,0,0,0,0,0,0,0,0,0,0,0,0,0,0,0,0,0,0
0.1,10,0,4.23008E+11,8.46016E+11,1.26902E+12,1.69203E+12,2.11504E+12,2.1365E+12,2.15797E+12,2.17943E+12,2.2009E+12,2.22236E+12,2.24009E+12,2.25782E+12,2.27555E+12,2.29328E+12,2.31101E+12,1.84881E+12,1.38661E+12,9.24404E+11,4.62202E+11,0,0,0,0,0,0,0,0,0,0,0,0,0,0,0,0
10,20,2.14628E+12,2.429E+12,2.71172E+12,2.99443E+12,3.27715E+12,3.55987E+12,2.91177E+12,2.26366E+12,1.61556E+12,9.67458E+11,3.19356E+11,3.21903E+11,3.24451E+11,3.26999E+11,3.29547E+11,3.32095E+11,2.65676E+11,1.99257E+11,1.32838E+11,66418913162,0,0,0,0,0,0,0,0,0,0,0,0,0,0,0,0
20,30,5.56267E+12,4.61668E+12,3.67069E+12,2.72469E+12,1.7787E+12,8.32713E+11,1.0799E+12,1.32708E+12,1.57426E+12,1.82144E+12,2.06862E+12,1.90193E+12,1.73524E+12,1.56854E+12,1.40185E+12,1.23516E+12,2.44555E+12,3.65595E+12,4.86634E+12,6.07673E+12,7.28713E+12,7.31561E+12,7.3441E+12,7.37259E+12,7.40107E+12,7.42956E+12,7.44374E+12,7.45792E+12,7.4721E+12,7.48628E+12,7.50046E+12,6.50872E+12,5.51699E+12,4.52526E+12,3.53352E+12,2.54179E+12
30,40,0,1.06077E+12,2.12155E+12,3.18232E+12,4.24309E+12,5.30387E+12,5.35769E+12,5.41152E+12,5.46534E+12,5.51917E+12,5.57299E+12,4.64037E+12,3.70774E+12,2.77512E+12,1.84249E+12,9.09867E+11,7.27893E+11,5.4592E+11,3.63947E+11,1.81973E+11,0,0,0,0,0,0,0,0,0,0,0,9.98897E+11,1.99779E+12,2.99669E+12,3.99559E+12,4.99448E+12
40,50,0,0,0,0,0,0,4.25777E+11,8.51553E+11,1.27733E+12,1.70311E+12,2.12888E+12,2.86217E+12,3.59545E+12,4.32874E+12,5.06202E+12,5.7953E+12,4.88775E+12,3.9802E+12,3.07264E+12,2.16509E+12,1.25753E+12,1.00603E+12,7.54521E+11,5.03014E+11,2.51507E+11,0,0,0,0,0,0,0,0,0,0,0
50,60,10162880037,10300640072,10438400108,10576160143,10713920178,10851680213,10990560158,11129440102,11268320046,11407199990,11546079934,11664351924,11782623913,11900895903,12019167892,12137439882,1.99316E+11,3.86495E+11,5.73673E+11,7.60852E+11,9.48031E+11,1.01508E+12,1.08214E+12,1.14919E+12,1.21624E+12,1.2833E+12,1.28312E+12,1.28295E+12,1.28278E+12,1.2826E+12,1.28243E+12,1.28081E+12,1.27919E+12,1.27757E+12,1.27596E+12,1.27434E+12
60,70,0,0,0,0,0,0,0,0,0,0,0,4.2723E+11,8.54459E+11,1.28169E+12,1.70892E+12,2.13615E+12,2.90052E+12,3.66489E+12,4.42925E+12,5.19362E+12,5.95799E+12,4.95807E+12,3.95816E+12,2.95824E+12,1.95832E+12,9.58407E+11,7.66726E+11,5.75044E+11,3.83363E+11,1.91681E+11,0,0,0,0,0,0
70,80,0,0,0,0,0,0,0,0,0,0,0,0,0,0,0,0,0,0,0,0,0,1.22089E+12,2.44178E+12,3.66268E+12,4.88357E+12,6.10446E+12,5.07813E+12,4.05181E+12,3.02548E+12,1.99916E+12,9.72834E+11,7.78267E+11,5.83701E+11,3.89134E+11,1.94567E+11,0
80,90,0,0,0,0,0,0,0,0,0,0,0,0,0,0,0,0,0,0,0,0,0,0,0,0,0,0,0,0,0,0,0,1.96637E+11,3.93275E+11,5.89912E+11,7.86549E+11,9.83186E+11
90,100,0,0,0,0,0,0,0,0,0,0,0,0,0,0,0,0,0,0,0,0,0,0,0,0,0,0,1.23927E+12,2.47855E+12,3.71782E+12,4.95709E+12,6.19637E+12,4.95709E+12,3.71782E+12,2.47855E+12,1.23927E+12,0
100,150,10162880037,10300640072,10438400108,10576160143,10713920178,10851680213,10990560158,11129440102,11268320046,11407199990,11546079934,11664351924,11782623913,11900895903,12019167892,12137439882,3.38366E+11,6.64595E+11,9.90823E+11,1.31705E+12,1.64328E+12,1.66494E+12,1.6866E+12,1.70826E+12,1.72992E+12,1.75158E+12,1.76954E+12,1.78749E+12,1.80544E+12,1.82339E+12,1.84135E+12,2.72826E+12,3.61518E+12,4.50209E+12,5.38901E+12,6.27592E+12
150,200,0,0,0,0,0,0,0,0,0,0,0,0,0,0,0,0,0,0,0,0,0,0,0,0,0,0,0,0,0,0,0,3.80406E+11,7.60812E+11,1.14122E+12,1.52162E+12,1.90203E+12
200,250,10162880037,10300640072,10438400108,10576160143,10713920178,10851680213,10990560158,11129440102,11268320046,11407199990,11546079934,11664351924,11782623913,11900895903,12019167892,12137439882,12234431867,12331423853,12428415838,12525407824,12622399809,12709311787,12796223764,12883135741,12970047718,13056959695,13121471702,13185983709,13250495716,13315007723,13379519731,13425439733,13471359736,13517279738,13563199741,13609119743
250,300,0,0,0,0,0,0,0,0,0,0,0,0,0,0,0,0,0,0,0,0,0,0,0,0,0,0,0,0,0,0,0,0,0,0,0,0
300,350,0,0,0,0,0,0,0,0,0,0,0,0,0,0,0,0,4.28688E+11,8.57377E+11,1.28606E+12,1.71475E+12,2.14344E+12,2.1449E+12,2.14637E+12,2.14783E+12,2.14929E+12,2.15076E+12,1.72061E+12,1.29045E+12,8.60303E+11,4.30151E+11,0,0,0,0,0,0
350,400,0,0,0,0,0,0,0,0,0,0,0,0,0,0,0,0,93706815964,1.87414E+11,2.8112E+11,3.74827E+11,4.68534E+11,4.6948E+11,4.70427E+11,4.71373E+11,4.7232E+11,4.73266E+11,9.04798E+11,1.33633E+12,1.76786E+12,2.19939E+12,2.63092E+12,2.63178E+12,2.63263E+12,2.63348E+12,2.63434E+12,2.63519E+12
400,450,0,0,0,0,0,0,0,0,0,0,0,0,0,0,0,0,0,0,0,0,0,0,0,0,0,0,0,0,0,0,0,0,0,0,0,0
450,500,0,0,0,0,0,0,0,0,0,0,0,0,0,0,0,0,0,0,0,0,0,0,0,0,0,0,0,0,0,0,0,0,0,0,0,0
500,550,0,0,0,0,0,0,0,0,0,0,0,0,0,0,0,0,0,0,0,0,0,0,0,0,0,0,0,0,0,0,0,0,0,0,0,0
550,600,0,0,0,0,0,0,0,0,0,0,0,0,0,0,0,0,0,0,0,0,0,0,0,0,0,0,0,0,0,0,0,0,0,0,0,0
600,650,0,0,0,0,0,0,0,0,0,0,0,0,0,0,0,0,0,0,0,0,0,0,0,0,0,0,0,0,0,0,0,0,0,0,0,0
650,700,0,0,0,0,0,0,0,0,0,0,0,0,0,0,0,0,0,0,0,0,0,0,0,0,0,0,0,0,0,0,0,0,0,0,0,0
700,750,0,0,0,0,0,0,0,0,0,0,0,0,0,0,0,0,0,0,0,0,0,0,0,0,0,0,0,0,0,0,0,0,0,0,0,0
750,800,0,0,0,0,0,0,0,0,0,0,0,0,0,0,0,0,0,0,0,0,0,0,0,0,0,0,0,0,0,0,0,0,0,0,0,0
800,850,10162880037,10300640072,10438400108,10576160143,10713920178,10851680213,10990560158,11129440102,11268320046,11407199990,11546079934,11664351924,11782623913,11900895903,12019167892,12137439882,12234431867,12331423853,12428415838,12525407824,12622399809,12709311787,12796223764,12883135741,12970047718,13056959695,13121471702,13185983709,13250495716,13315007723,13379519731,13425439733,13471359736,13517279738,13563199741,13609119743
850,900,0,0,0,0,0,0,0,0,0,0,0,0,0,0,0,0,0,0,0,0,0,0,0,0,0,0,0,0,0,0,0,0,0,0,0,0
900,950,0,0,0,0,0,0,0,0,0,0,0,0,0,0,0,0,0,0,0,0,0,0,0,0,0,0,0,0,0,0,0,0,0,0,0,0
950,1000,10162880037,10300640072,10438400108,10576160143,10713920178,10851680213,10990560158,11129440102,11268320046,11407199990,11546079934,11664351924,11782623913,11900895903,12019167892,12137439882,12234431867,12331423853,12428415838,12525407824,12622399809,12709311787,12796223764,12883135741,12970047718,13056959695,13121471702,13185983709,13250495716,13315007723,13379519731,13425439733,13471359736,13517279738,13563199741,13609119743
1000,1050,10162880037,10300640072,10438400108,10576160143,10713920178,10851680213,10990560158,11129440102,11268320046,11407199990,11546079934,11664351924,11782623913,11900895903,12019167892,12137439882,12234431867,12331423853,12428415838,12525407824,12622399809,12709311787,12796223764,12883135741,12970047718,13056959695,13121471702,13185983709,13250495716,13315007723,13379519731,13425439733,13471359736,13517279738,13563199741,13609119743
1050,1100,0,0,0,0,0,0,0,0,0,0,0,0,0,0,0,0,0,0,0,0,0,0,0,0,0,0,0,0,0,0,0,0,0,0,0,0
1100,1150,0,0,0,0,0,0,0,0,0,0,0,0,0,0,0,0,0,0,0,0,0,0,0,0,0,0,0,0,0,0,0,0,0,0,0,0
1150,1200,0,0,0,0,0,0,0,0,0,0,0,0,0,0,0,0,0,0,0,0,0,0,0,0,0,0,0,0,0,0,0,0,0,0,0,0
1200,1250,0,0,0,0,0,0,0,0,0,0,0,0,0,0,0,0,0,0,0,0,0,0,0,0,0,0,0,0,0,0,0,0,0,0,0,0
1250,1300,0,0,0,0,0,0,0,0,0,0,0,0,0,0,0,0,0,0,0,0,0,0,0,0,0,0,0,0,0,0,0,0,0,0,0,0
1300,1350,0,0,0,0,0,0,0,0,0,0,0,0,0,0,0,0,0,0,0,0,0,0,0,0,0,0,0,0,0,0,0,0,0,0,0,0
1350,1400,0,0,0,0,0,0,0,0,0,0,0,0,0,0,0,0,0,0,0,0,0,0,0,0,0,0,0,0,0,0,0,0,0,0,0,0
1400,1450,0,0,0,0,0,0,0,0,0,0,0,0,0,0,0,0,0,0,0,0,0,0,0,0,0,0,0,0,0,0,0,0,0,0,0,0
1450,1500,0,0,0,0,0,0,0,0,0,0,0,0,0,0,0,0,0,0,0,0,0,0,0,0,0,0,0,0,0,0,0,0,0,0,0,0
1500,1550,0,0,0,0,0,0,0,0,0,0,0,0,0,0,0,0,0,0,0,0,0,0,0,0,0,0,0,0,0,0,0,0,0,0,0,0
1550,1600,3.27905E+11,3.32005E+11,3.36106E+11,3.40206E+11,3.44307E+11,3.48407E+11,3.5213E+11,3.55853E+11,3.59576E+11,3.63299E+11,3.67022E+11,3.69678E+11,3.72334E+11,3.7499E+11,3.77646E+11,3.80302E+11,3.8179E+11,3.83279E+11,3.84767E+11,3.86256E+11,3.87744E+11,3.88653E+11,3.89562E+11,3.90472E+11,3.91381E+11,3.9229E+11,3.92351E+11,3.92413E+11,3.92474E+11,3.92536E+11,3.92597E+11,3.9221E+11,3.91823E+11,3.91436E+11,3.9105E+11,3.90663E+11
