Unit: dimensionless (share of RPS-qualifying electricity),Year2021,Year2022,Year2023,Year2024,Year2025,Year2026,Year2027,Year2028,Year2029,Year2030,Year2031,Year2032,Year2033,Year2034,Year2035,Year2036,Year2037,Year2038,Year2039,Year2040,Year2041,Year2042,Year2043,Year2044,Year2045,Year2046,Year2047,Year2048,Year2049,Year2050,Year2051,Year2052,Year2053,Year2054,Year2055,Year2056,Year2057,Year2058,Year2059,Year2060,Year2061,Year2062,Year2063,Year2064,Year2065,Year2066,Year2067,Year2068,Year2069,Year2070,Year2071,Year2072,Year2073,Year2074,Year2075,Year2076,Year2077,Year2078,Year2079,Year2080,Year2081,Year2082,Year2083,Year2084,Year2085,Year2086,Year2087,Year2088,Year2089,Year2090,Year2091,Year2092,Year2093,Year2094,Year2095,Year2096,Year2097,Year2098,Year2099,Year2100
Chandigarh,0.217277,0.225549,0.233821,0.242094,0.250366,0.258638,0.266911,0.275183,0.283455,0.300000,0.300000,0.300000,0.300000,0.300000,0.300000,0.300000,0.300000,0.300000,0.300000,0.300000,0.300000,0.300000,0.300000,0.300000,0.300000,0.300000,0.300000,0.300000,0.300000,0.300000,0.300000,0.300000,0.300000,0.300000,0.300000,0.300000,0.300000,0.300000,0.300000,0.300000,0.300000,0.300000,0.300000,0.300000,0.300000,0.300000,0.300000,0.300000,0.300000,0.300000,0.300000,0.300000,0.300000,0.300000,0.300000,0.300000,0.300000,0.300000,0.300000,0.300000,0.300000,0.300000,0.300000,0.300000,0.300000,0.300000,0.300000,0.300000,0.300000,0.300000,0.300000,0.300000,0.300000,0.300000,0.300000,0.300000,0.300000,0.300000,0.300000,0.300000
Delhi,0.217277,0.225549,0.233821,0.242094,0.250366,0.258638,0.266911,0.275183,0.283455,0.300000,0.300000,0.300000,0.300000,0.300000,0.300000,0.300000,0.300000,0.300000,0.300000,0.300000,0.300000,0.300000,0.300000,0.300000,0.300000,0.300000,0.300000,0.300000,0.300000,0.300000,0.300000,0.300000,0.300000,0.300000,0.300000,0.300000,0.300000,0.300000,0.300000,0.300000,0.300000,0.300000,0.300000,0.300000,0.300000,0.300000,0.300000,0.300000,0.300000,0.300000,0.300000,0.300000,0.300000,0.300000,0.300000,0.300000,0.300000,0.300000,0.300000,0.300000,0.300000,0.300000,0.300000,0.300000,0.300000,0.300000,0.300000,0.300000,0.300000,0.300000,0.300000,0.300000,0.300000,0.300000,0.300000,0.300000,0.300000,0.300000,0.300000,0.300000
Haryana,0.217277,0.225549,0.233821,0.242094,0.250366,0.258638,0.266911,0.275183,0.283455,0.300000,0.300000,0.300000,0.300000,0.300000,0.300000,0.300000,0.300000,0.300000,0.300000,0.300000,0.300000,0.300000,0.300000,0.300000,0.300000,0.300000,0.300000,0.300000,0.300000,0.300000,0.300000,0.300000,0.300000,0.300000,0.300000,0.300000,0.300000,0.300000,0.300000,0.300000,0.300000,0.300000,0.300000,0.300000,0.300000,0.300000,0.300000,0.300000,0.300000,0.300000,0.300000,0.300000,0.300000,0.300000,0.300000,0.300000,0.300000,0.300000,0.300000,0.300000,0.300000,0.300000,0.300000,0.300000,0.300000,0.300000,0.300000,0.300000,0.300000,0.300000,0.300000,0.300000,0.300000,0.300000,0.300000,0.300000,0.300000,0.300000,0.300000,0.300000
Himachal Pradesh,0.217277,0.225549,0.233821,0.242094,0.250366,0.258638,0.266911,0.275183,0.283455,0.300000,0.300000,0.300000,0.300000,0.300000,0.300000,0.300000,0.300000,0.300000,0.300000,0.300000,0.300000,0.300000,0.300000,0.300000,0.300000,0.300000,0.300000,0.300000,0.300000,0.300000,0.300000,0.300000,0.300000,0.300000,0.300000,0.300000,0.300000,0.300000,0.300000,0.300000,0.300000,0.300000,0.300000,0.300000,0.300000,0.300000,0.300000,0.300000,0.300000,0.300000,0.300000,0.300000,0.300000,0.300000,0.300000,0.300000,0.300000,0.300000,0.300000,0.300000,0.300000,0.300000,0.300000,0.300000,0.300000,0.300000,0.300000,0.300000,0.300000,0.300000,0.300000,0.300000,0.300000,0.300000,0.300000,0.300000,0.300000,0.300000,0.300000,0.300000
UT of J&K and Ladakh,0.217277,0.225549,0.233821,0.242094,0.250366,0.258638,0.266911,0.275183,0.283455,0.300000,0.300000,0.300000,0.300000,0.300000,0.300000,0.300000,0.300000,0.300000,0.300000,0.300000,0.300000,0.300000,0.300000,0.300000,0.300000,0.300000,0.300000,0.300000,0.300000,0.300000,0.300000,0.300000,0.300000,0.300000,0.300000,0.300000,0.300000,0.300000,0.300000,0.300000,0.300000,0.300000,0.300000,0.300000,0.300000,0.300000,0.300000,0.300000,0.300000,0.300000,0.300000,0.300000,0.300000,0.300000,0.300000,0.300000,0.300000,0.300000,0.300000,0.300000,0.300000,0.300000,0.300000,0.300000,0.300000,0.300000,0.300000,0.300000,0.300000,0.300000,0.300000,0.300000,0.300000,0.300000,0.300000,0.300000,0.300000,0.300000,0.300000,0.300000
Punjab,0.217277,0.225549,0.233821,0.242094,0.250366,0.258638,0.266911,0.275183,0.283455,0.300000,0.300000,0.300000,0.300000,0.300000,0.300000,0.300000,0.300000,0.300000,0.300000,0.300000,0.300000,0.300000,0.300000,0.300000,0.300000,0.300000,0.300000,0.300000,0.300000,0.300000,0.300000,0.300000,0.300000,0.300000,0.300000,0.300000,0.300000,0.300000,0.300000,0.300000,0.300000,0.300000,0.300000,0.300000,0.300000,0.300000,0.300000,0.300000,0.300000,0.300000,0.300000,0.300000,0.300000,0.300000,0.300000,0.300000,0.300000,0.300000,0.300000,0.300000,0.300000,0.300000,0.300000,0.300000,0.300000,0.300000,0.300000,0.300000,0.300000,0.300000,0.300000,0.300000,0.300000,0.300000,0.300000,0.300000,0.300000,0.300000,0.300000,0.300000
Rajasthan,0.217277,0.225549,0.233821,0.242094,0.250366,0.258638,0.266911,0.275183,0.283455,0.300000,0.300000,0.300000,0.300000,0.300000,0.300000,0.300000,0.300000,0.300000,0.300000,0.300000,0.300000,0.300000,0.300000,0.300000,0.300000,0.300000,0.300000,0.300000,0.300000,0.300000,0.300000,0.300000,0.300000,0.300000,0.300000,0.300000,0.300000,0.300000,0.300000,0.300000,0.300000,0.300000,0.300000,0.300000,0.300000,0.300000,0.300000,0.300000,0.300000,0.300000,0.300000,0.300000,0.300000,0.300000,0.300000,0.300000,0.300000,0.300000,0.300000,0.300000,0.300000,0.300000,0.300000,0.300000,0.300000,0.300000,0.300000,0.300000,0.300000,0.300000,0.300000,0.300000,0.300000,0.300000,0.300000,0.300000,0.300000,0.300000,0.300000,0.300000
Uttar Pradesh,0.217277,0.225549,0.233821,0.242094,0.250366,0.258638,0.266911,0.275183,0.283455,0.300000,0.300000,0.300000,0.300000,0.300000,0.300000,0.300000,0.300000,0.300000,0.300000,0.300000,0.300000,0.300000,0.300000,0.300000,0.300000,0.300000,0.300000,0.300000,0.300000,0.300000,0.300000,0.300000,0.300000,0.300000,0.300000,0.300000,0.300000,0.300000,0.300000,0.300000,0.300000,0.300000,0.300000,0.300000,0.300000,0.300000,0.300000,0.300000,0.300000,0.300000,0.300000,0.300000,0.300000,0.300000,0.300000,0.300000,0.300000,0.300000,0.300000,0.300000,0.300000,0.300000,0.300000,0.300000,0.300000,0.300000,0.300000,0.300000,0.300000,0.300000,0.300000,0.300000,0.300000,0.300000,0.300000,0.300000,0.300000,0.300000,0.300000,0.300000
Uttarakhand,0.217277,0.225549,0.233821,0.242094,0.250366,0.258638,0.266911,0.275183,0.283455,0.300000,0.300000,0.300000,0.300000,0.300000,0.300000,0.300000,0.300000,0.300000,0.300000,0.300000,0.300000,0.300000,0.300000,0.300000,0.300000,0.300000,0.300000,0.300000,0.300000,0.300000,0.300000,0.300000,0.300000,0.300000,0.300000,0.300000,0.300000,0.300000,0.300000,0.300000,0.300000,0.300000,0.300000,0.300000,0.300000,0.300000,0.300000,0.300000,0.300000,0.300000,0.300000,0.300000,0.300000,0.300000,0.300000,0.300000,0.300000,0.300000,0.300000,0.300000,0.300000,0.300000,0.300000,0.300000,0.300000,0.300000,0.300000,0.300000,0.300000,0.300000,0.300000,0.300000,0.300000,0.300000,0.300000,0.300000,0.300000,0.300000,0.300000,0.300000
Chhattisgarh,0.217277,0.225549,0.233821,0.242094,0.250366,0.258638,0.266911,0.275183,0.283455,0.300000,0.300000,0.300000,0.300000,0.300000,0.300000,0.300000,0.300000,0.300000,0.300000,0.300000,0.300000,0.300000,0.300000,0.300000,0.300000,0.300000,0.300000,0.300000,0.300000,0.300000,0.300000,0.300000,0.300000,0.300000,0.300000,0.300000,0.300000,0.300000,0.300000,0.300000,0.300000,0.300000,0.300000,0.300000,0.300000,0.300000,0.300000,0.300000,0.300000,0.300000,0.300000,0.300000,0.300000,0.300000,0.300000,0.300000,0.300000,0.300000,0.300000,0.300000,0.300000,0.300000,0.300000,0.300000,0.300000,0.300000,0.300000,0.300000,0.300000,0.300000,0.300000,0.300000,0.300000,0.300000,0.300000,0.300000,0.300000,0.300000,0.300000,0.300000
Gujarat,0.217277,0.225549,0.233821,0.242094,0.250366,0.258638,0.266911,0.275183,0.283455,0.300000,0.300000,0.300000,0.300000,0.300000,0.300000,0.300000,0.300000,0.300000,0.300000,0.300000,0.300000,0.300000,0.300000,0.300000,0.300000,0.300000,0.300000,0.300000,0.300000,0.300000,0.300000,0.300000,0.300000,0.300000,0.300000,0.300000,0.300000,0.300000,0.300000,0.300000,0.300000,0.300000,0.300000,0.300000,0.300000,0.300000,0.300000,0.300000,0.300000,0.300000,0.300000,0.300000,0.300000,0.300000,0.300000,0.300000,0.300000,0.300000,0.300000,0.300000,0.300000,0.300000,0.300000,0.300000,0.300000,0.300000,0.300000,0.300000,0.300000,0.300000,0.300000,0.300000,0.300000,0.300000,0.300000,0.300000,0.300000,0.300000,0.300000,0.300000
Madhya Pradesh,0.217277,0.225549,0.233821,0.242094,0.250366,0.258638,0.266911,0.275183,0.283455,0.300000,0.300000,0.300000,0.300000,0.300000,0.300000,0.300000,0.300000,0.300000,0.300000,0.300000,0.300000,0.300000,0.300000,0.300000,0.300000,0.300000,0.300000,0.300000,0.300000,0.300000,0.300000,0.300000,0.300000,0.300000,0.300000,0.300000,0.300000,0.300000,0.300000,0.300000,0.300000,0.300000,0.300000,0.300000,0.300000,0.300000,0.300000,0.300000,0.300000,0.300000,0.300000,0.300000,0.300000,0.300000,0.300000,0.300000,0.300000,0.300000,0.300000,0.300000,0.300000,0.300000,0.300000,0.300000,0.300000,0.300000,0.300000,0.300000,0.300000,0.300000,0.300000,0.300000,0.300000,0.300000,0.300000,0.300000,0.300000,0.300000,0.300000,0.300000
Maharashtra,0.217277,0.225549,0.233821,0.242094,0.250366,0.258638,0.266911,0.275183,0.283455,0.300000,0.300000,0.300000,0.300000,0.300000,0.300000,0.300000,0.300000,0.300000,0.300000,0.300000,0.300000,0.300000,0.300000,0.300000,0.300000,0.300000,0.300000,0.300000,0.300000,0.300000,0.300000,0.300000,0.300000,0.300000,0.300000,0.300000,0.300000,0.300000,0.300000,0.300000,0.300000,0.300000,0.300000,0.300000,0.300000,0.300000,0.300000,0.300000,0.300000,0.300000,0.300000,0.300000,0.300000,0.300000,0.300000,0.300000,0.300000,0.300000,0.300000,0.300000,0.300000,0.300000,0.300000,0.300000,0.300000,0.300000,0.300000,0.300000,0.300000,0.300000,0.300000,0.300000,0.300000,0.300000,0.300000,0.300000,0.300000,0.300000,0.300000,0.300000
"Dadra & Nagar Haveli

			and Daman & Diu",0.217277,0.225549,0.233821,0.242094,0.250366,0.258638,0.266911,0.275183,0.283455,0.300000,0.300000,0.300000,0.300000,0.300000,0.300000,0.300000,0.300000,0.300000,0.300000,0.300000,0.300000,0.300000,0.300000,0.300000,0.300000,0.300000,0.300000,0.300000,0.300000,0.300000,0.300000,0.300000,0.300000,0.300000,0.300000,0.300000,0.300000,0.300000,0.300000,0.300000,0.300000,0.300000,0.300000,0.300000,0.300000,0.300000,0.300000,0.300000,0.300000,0.300000,0.300000,0.300000,0.300000,0.300000,0.300000,0.300000,0.300000,0.300000,0.300000,0.300000,0.300000,0.300000,0.300000,0.300000,0.300000,0.300000,0.300000,0.300000,0.300000,0.300000,0.300000,0.300000,0.300000,0.300000,0.300000,0.300000,0.300000,0.300000,0.300000,0.300000
Goa,0.217277,0.225549,0.233821,0.242094,0.250366,0.258638,0.266911,0.275183,0.283455,0.300000,0.300000,0.300000,0.300000,0.300000,0.300000,0.300000,0.300000,0.300000,0.300000,0.300000,0.300000,0.300000,0.300000,0.300000,0.300000,0.300000,0.300000,0.300000,0.300000,0.300000,0.300000,0.300000,0.300000,0.300000,0.300000,0.300000,0.300000,0.300000,0.300000,0.300000,0.300000,0.300000,0.300000,0.300000,0.300000,0.300000,0.300000,0.300000,0.300000,0.300000,0.300000,0.300000,0.300000,0.300000,0.300000,0.300000,0.300000,0.300000,0.300000,0.300000,0.300000,0.300000,0.300000,0.300000,0.300000,0.300000,0.300000,0.300000,0.300000,0.300000,0.300000,0.300000,0.300000,0.300000,0.300000,0.300000,0.300000,0.300000,0.300000,0.300000
Andhra Pradesh,0.217277,0.225549,0.233821,0.242094,0.250366,0.258638,0.266911,0.275183,0.283455,0.300000,0.300000,0.300000,0.300000,0.300000,0.300000,0.300000,0.300000,0.300000,0.300000,0.300000,0.300000,0.300000,0.300000,0.300000,0.300000,0.300000,0.300000,0.300000,0.300000,0.300000,0.300000,0.300000,0.300000,0.300000,0.300000,0.300000,0.300000,0.300000,0.300000,0.300000,0.300000,0.300000,0.300000,0.300000,0.300000,0.300000,0.300000,0.300000,0.300000,0.300000,0.300000,0.300000,0.300000,0.300000,0.300000,0.300000,0.300000,0.300000,0.300000,0.300000,0.300000,0.300000,0.300000,0.300000,0.300000,0.300000,0.300000,0.300000,0.300000,0.300000,0.300000,0.300000,0.300000,0.300000,0.300000,0.300000,0.300000,0.300000,0.300000,0.300000
Telangana,0.217277,0.225549,0.233821,0.242094,0.250366,0.258638,0.266911,0.275183,0.283455,0.300000,0.300000,0.300000,0.300000,0.300000,0.300000,0.300000,0.300000,0.300000,0.300000,0.300000,0.300000,0.300000,0.300000,0.300000,0.300000,0.300000,0.300000,0.300000,0.300000,0.300000,0.300000,0.300000,0.300000,0.300000,0.300000,0.300000,0.300000,0.300000,0.300000,0.300000,0.300000,0.300000,0.300000,0.300000,0.300000,0.300000,0.300000,0.300000,0.300000,0.300000,0.300000,0.300000,0.300000,0.300000,0.300000,0.300000,0.300000,0.300000,0.300000,0.300000,0.300000,0.300000,0.300000,0.300000,0.300000,0.300000,0.300000,0.300000,0.300000,0.300000,0.300000,0.300000,0.300000,0.300000,0.300000,0.300000,0.300000,0.300000,0.300000,0.300000
Karnataka,0.217277,0.225549,0.233821,0.242094,0.250366,0.258638,0.266911,0.275183,0.283455,0.300000,0.300000,0.300000,0.300000,0.300000,0.300000,0.300000,0.300000,0.300000,0.300000,0.300000,0.300000,0.300000,0.300000,0.300000,0.300000,0.300000,0.300000,0.300000,0.300000,0.300000,0.300000,0.300000,0.300000,0.300000,0.300000,0.300000,0.300000,0.300000,0.300000,0.300000,0.300000,0.300000,0.300000,0.300000,0.300000,0.300000,0.300000,0.300000,0.300000,0.300000,0.300000,0.300000,0.300000,0.300000,0.300000,0.300000,0.300000,0.300000,0.300000,0.300000,0.300000,0.300000,0.300000,0.300000,0.300000,0.300000,0.300000,0.300000,0.300000,0.300000,0.300000,0.300000,0.300000,0.300000,0.300000,0.300000,0.300000,0.300000,0.300000,0.300000
Kerala,0.217277,0.225549,0.233821,0.242094,0.250366,0.258638,0.266911,0.275183,0.283455,0.300000,0.300000,0.300000,0.300000,0.300000,0.300000,0.300000,0.300000,0.300000,0.300000,0.300000,0.300000,0.300000,0.300000,0.300000,0.300000,0.300000,0.300000,0.300000,0.300000,0.300000,0.300000,0.300000,0.300000,0.300000,0.300000,0.300000,0.300000,0.300000,0.300000,0.300000,0.300000,0.300000,0.300000,0.300000,0.300000,0.300000,0.300000,0.300000,0.300000,0.300000,0.300000,0.300000,0.300000,0.300000,0.300000,0.300000,0.300000,0.300000,0.300000,0.300000,0.300000,0.300000,0.300000,0.300000,0.300000,0.300000,0.300000,0.300000,0.300000,0.300000,0.300000,0.300000,0.300000,0.300000,0.300000,0.300000,0.300000,0.300000,0.300000,0.300000
Tamil Nadu,0.217277,0.225549,0.233821,0.242094,0.250366,0.258638,0.266911,0.275183,0.283455,0.300000,0.300000,0.300000,0.300000,0.300000,0.300000,0.300000,0.300000,0.300000,0.300000,0.300000,0.300000,0.300000,0.300000,0.300000,0.300000,0.300000,0.300000,0.300000,0.300000,0.300000,0.300000,0.300000,0.300000,0.300000,0.300000,0.300000,0.300000,0.300000,0.300000,0.300000,0.300000,0.300000,0.300000,0.300000,0.300000,0.300000,0.300000,0.300000,0.300000,0.300000,0.300000,0.300000,0.300000,0.300000,0.300000,0.300000,0.300000,0.300000,0.300000,0.300000,0.300000,0.300000,0.300000,0.300000,0.300000,0.300000,0.300000,0.300000,0.300000,0.300000,0.300000,0.300000,0.300000,0.300000,0.300000,0.300000,0.300000,0.300000,0.300000,0.300000
Puducherry,0.217277,0.225549,0.233821,0.242094,0.250366,0.258638,0.266911,0.275183,0.283455,0.300000,0.300000,0.300000,0.300000,0.300000,0.300000,0.300000,0.300000,0.300000,0.300000,0.300000,0.300000,0.300000,0.300000,0.300000,0.300000,0.300000,0.300000,0.300000,0.300000,0.300000,0.300000,0.300000,0.300000,0.300000,0.300000,0.300000,0.300000,0.300000,0.300000,0.300000,0.300000,0.300000,0.300000,0.300000,0.300000,0.300000,0.300000,0.300000,0.300000,0.300000,0.300000,0.300000,0.300000,0.300000,0.300000,0.300000,0.300000,0.300000,0.300000,0.300000,0.300000,0.300000,0.300000,0.300000,0.300000,0.300000,0.300000,0.300000,0.300000,0.300000,0.300000,0.300000,0.300000,0.300000,0.300000,0.300000,0.300000,0.300000,0.300000,0.300000
Lakshadweep,0.217277,0.225549,0.233821,0.242094,0.250366,0.258638,0.266911,0.275183,0.283455,0.300000,0.300000,0.300000,0.300000,0.300000,0.300000,0.300000,0.300000,0.300000,0.300000,0.300000,0.300000,0.300000,0.300000,0.300000,0.300000,0.300000,0.300000,0.300000,0.300000,0.300000,0.300000,0.300000,0.300000,0.300000,0.300000,0.300000,0.300000,0.300000,0.300000,0.300000,0.300000,0.300000,0.300000,0.300000,0.300000,0.300000,0.300000,0.300000,0.300000,0.300000,0.300000,0.300000,0.300000,0.300000,0.300000,0.300000,0.300000,0.300000,0.300000,0.300000,0.300000,0.300000,0.300000,0.300000,0.300000,0.300000,0.300000,0.300000,0.300000,0.300000,0.300000,0.300000,0.300000,0.300000,0.300000,0.300000,0.300000,0.300000,0.300000,0.300000
Bihar,0.217277,0.225549,0.233821,0.242094,0.250366,0.258638,0.266911,0.275183,0.283455,0.300000,0.300000,0.300000,0.300000,0.300000,0.300000,0.300000,0.300000,0.300000,0.300000,0.300000,0.300000,0.300000,0.300000,0.300000,0.300000,0.300000,0.300000,0.300000,0.300000,0.300000,0.300000,0.300000,0.300000,0.300000,0.300000,0.300000,0.300000,0.300000,0.300000,0.300000,0.300000,0.300000,0.300000,0.300000,0.300000,0.300000,0.300000,0.300000,0.300000,0.300000,0.300000,0.300000,0.300000,0.300000,0.300000,0.300000,0.300000,0.300000,0.300000,0.300000,0.300000,0.300000,0.300000,0.300000,0.300000,0.300000,0.300000,0.300000,0.300000,0.300000,0.300000,0.300000,0.300000,0.300000,0.300000,0.300000,0.300000,0.300000,0.300000,0.300000
DVC,0.217277,0.225549,0.233821,0.242094,0.250366,0.258638,0.266911,0.275183,0.283455,0.300000,0.300000,0.300000,0.300000,0.300000,0.300000,0.300000,0.300000,0.300000,0.300000,0.300000,0.300000,0.300000,0.300000,0.300000,0.300000,0.300000,0.300000,0.300000,0.300000,0.300000,0.300000,0.300000,0.300000,0.300000,0.300000,0.300000,0.300000,0.300000,0.300000,0.300000,0.300000,0.300000,0.300000,0.300000,0.300000,0.300000,0.300000,0.300000,0.300000,0.300000,0.300000,0.300000,0.300000,0.300000,0.300000,0.300000,0.300000,0.300000,0.300000,0.300000,0.300000,0.300000,0.300000,0.300000,0.300000,0.300000,0.300000,0.300000,0.300000,0.300000,0.300000,0.300000,0.300000,0.300000,0.300000,0.300000,0.300000,0.300000,0.300000,0.300000
Jharkhand,0.217277,0.225549,0.233821,0.242094,0.250366,0.258638,0.266911,0.275183,0.283455,0.300000,0.300000,0.300000,0.300000,0.300000,0.300000,0.300000,0.300000,0.300000,0.300000,0.300000,0.300000,0.300000,0.300000,0.300000,0.300000,0.300000,0.300000,0.300000,0.300000,0.300000,0.300000,0.300000,0.300000,0.300000,0.300000,0.300000,0.300000,0.300000,0.300000,0.300000,0.300000,0.300000,0.300000,0.300000,0.300000,0.300000,0.300000,0.300000,0.300000,0.300000,0.300000,0.300000,0.300000,0.300000,0.300000,0.300000,0.300000,0.300000,0.300000,0.300000,0.300000,0.300000,0.300000,0.300000,0.300000,0.300000,0.300000,0.300000,0.300000,0.300000,0.300000,0.300000,0.300000,0.300000,0.300000,0.300000,0.300000,0.300000,0.300000,0.300000
Odisha,0.217277,0.225549,0.233821,0.242094,0.250366,0.258638,0.266911,0.275183,0.283455,0.300000,0.300000,0.300000,0.300000,0.300000,0.300000,0.300000,0.300000,0.300000,0.300000,0.300000,0.300000,0.300000,0.300000,0.300000,0.300000,0.300000,0.300000,0.300000,0.300000,0.300000,0.300000,0.300000,0.300000,0.300000,0.300000,0.300000,0.300000,0.300000,0.300000,0.300000,0.300000,0.300000,0.300000,0.300000,0.300000,0.300000,0.300000,0.300000,0.300000,0.300000,0.300000,0.300000,0.300000,0.300000,0.300000,0.300000,0.300000,0.300000,0.300000,0.300000,0.300000,0.300000,0.300000,0.300000,0.300000,0.300000,0.300000,0.300000,0.300000,0.300000,0.300000,0.300000,0.300000,0.300000,0.300000,0.300000,0.300000,0.300000,0.300000,0.300000
West Bengal,0.217277,0.225549,0.233821,0.242094,0.250366,0.258638,0.266911,0.275183,0.283455,0.300000,0.300000,0.300000,0.300000,0.300000,0.300000,0.300000,0.300000,0.300000,0.300000,0.300000,0.300000,0.300000,0.300000,0.300000,0.300000,0.300000,0.300000,0.300000,0.300000,0.300000,0.300000,0.300000,0.300000,0.300000,0.300000,0.300000,0.300000,0.300000,0.300000,0.300000,0.300000,0.300000,0.300000,0.300000,0.300000,0.300000,0.300000,0.300000,0.300000,0.300000,0.300000,0.300000,0.300000,0.300000,0.300000,0.300000,0.300000,0.300000,0.300000,0.300000,0.300000,0.300000,0.300000,0.300000,0.300000,0.300000,0.300000,0.300000,0.300000,0.300000,0.300000,0.300000,0.300000,0.300000,0.300000,0.300000,0.300000,0.300000,0.300000,0.300000
Sikkim,0.217277,0.225549,0.233821,0.242094,0.250366,0.258638,0.266911,0.275183,0.283455,0.300000,0.300000,0.300000,0.300000,0.300000,0.300000,0.300000,0.300000,0.300000,0.300000,0.300000,0.300000,0.300000,0.300000,0.300000,0.300000,0.300000,0.300000,0.300000,0.300000,0.300000,0.300000,0.300000,0.300000,0.300000,0.300000,0.300000,0.300000,0.300000,0.300000,0.300000,0.300000,0.300000,0.300000,0.300000,0.300000,0.300000,0.300000,0.300000,0.300000,0.300000,0.300000,0.300000,0.300000,0.300000,0.300000,0.300000,0.300000,0.300000,0.300000,0.300000,0.300000,0.300000,0.300000,0.300000,0.300000,0.300000,0.300000,0.300000,0.300000,0.300000,0.300000,0.300000,0.300000,0.300000,0.300000,0.300000,0.300000,0.300000,0.300000,0.300000
Andaman-Nicobar Islands,0.217277,0.225549,0.233821,0.242094,0.250366,0.258638,0.266911,0.275183,0.283455,0.300000,0.300000,0.300000,0.300000,0.300000,0.300000,0.300000,0.300000,0.300000,0.300000,0.300000,0.300000,0.300000,0.300000,0.300000,0.300000,0.300000,0.300000,0.300000,0.300000,0.300000,0.300000,0.300000,0.300000,0.300000,0.300000,0.300000,0.300000,0.300000,0.300000,0.300000,0.300000,0.300000,0.300000,0.300000,0.300000,0.300000,0.300000,0.300000,0.300000,0.300000,0.300000,0.300000,0.300000,0.300000,0.300000,0.300000,0.300000,0.300000,0.300000,0.300000,0.300000,0.300000,0.300000,0.300000,0.300000,0.300000,0.300000,0.300000,0.300000,0.300000,0.300000,0.300000,0.300000,0.300000,0.300000,0.300000,0.300000,0.300000,0.300000,0.300000
Arunachal Pradesh,0.217277,0.225549,0.233821,0.242094,0.250366,0.258638,0.266911,0.275183,0.283455,0.300000,0.300000,0.300000,0.300000,0.300000,0.300000,0.300000,0.300000,0.300000,0.300000,0.300000,0.300000,0.300000,0.300000,0.300000,0.300000,0.300000,0.300000,0.300000,0.300000,0.300000,0.300000,0.300000,0.300000,0.300000,0.300000,0.300000,0.300000,0.300000,0.300000,0.300000,0.300000,0.300000,0.300000,0.300000,0.300000,0.300000,0.300000,0.300000,0.300000,0.300000,0.300000,0.300000,0.300000,0.300000,0.300000,0.300000,0.300000,0.300000,0.300000,0.300000,0.300000,0.300000,0.300000,0.300000,0.300000,0.300000,0.300000,0.300000,0.300000,0.300000,0.300000,0.300000,0.300000,0.300000,0.300000,0.300000,0.300000,0.300000,0.300000,0.300000
Assam,0.217277,0.225549,0.233821,0.242094,0.250366,0.258638,0.266911,0.275183,0.283455,0.300000,0.300000,0.300000,0.300000,0.300000,0.300000,0.300000,0.300000,0.300000,0.300000,0.300000,0.300000,0.300000,0.300000,0.300000,0.300000,0.300000,0.300000,0.300000,0.300000,0.300000,0.300000,0.300000,0.300000,0.300000,0.300000,0.300000,0.300000,0.300000,0.300000,0.300000,0.300000,0.300000,0.300000,0.300000,0.300000,0.300000,0.300000,0.300000,0.300000,0.300000,0.300000,0.300000,0.300000,0.300000,0.300000,0.300000,0.300000,0.300000,0.300000,0.300000,0.300000,0.300000,0.300000,0.300000,0.300000,0.300000,0.300000,0.300000,0.300000,0.300000,0.300000,0.300000,0.300000,0.300000,0.300000,0.300000,0.300000,0.300000,0.300000,0.300000
Manipur,0.217277,0.225549,0.233821,0.242094,0.250366,0.258638,0.266911,0.275183,0.283455,0.300000,0.300000,0.300000,0.300000,0.300000,0.300000,0.300000,0.300000,0.300000,0.300000,0.300000,0.300000,0.300000,0.300000,0.300000,0.300000,0.300000,0.300000,0.300000,0.300000,0.300000,0.300000,0.300000,0.300000,0.300000,0.300000,0.300000,0.300000,0.300000,0.300000,0.300000,0.300000,0.300000,0.300000,0.300000,0.300000,0.300000,0.300000,0.300000,0.300000,0.300000,0.300000,0.300000,0.300000,0.300000,0.300000,0.300000,0.300000,0.300000,0.300000,0.300000,0.300000,0.300000,0.300000,0.300000,0.300000,0.300000,0.300000,0.300000,0.300000,0.300000,0.300000,0.300000,0.300000,0.300000,0.300000,0.300000,0.300000,0.300000,0.300000,0.300000
Meghalaya,0.217277,0.225549,0.233821,0.242094,0.250366,0.258638,0.266911,0.275183,0.283455,0.300000,0.300000,0.300000,0.300000,0.300000,0.300000,0.300000,0.300000,0.300000,0.300000,0.300000,0.300000,0.300000,0.300000,0.300000,0.300000,0.300000,0.300000,0.300000,0.300000,0.300000,0.300000,0.300000,0.300000,0.300000,0.300000,0.300000,0.300000,0.300000,0.300000,0.300000,0.300000,0.300000,0.300000,0.300000,0.300000,0.300000,0.300000,0.300000,0.300000,0.300000,0.300000,0.300000,0.300000,0.300000,0.300000,0.300000,0.300000,0.300000,0.300000,0.300000,0.300000,0.300000,0.300000,0.300000,0.300000,0.300000,0.300000,0.300000,0.300000,0.300000,0.300000,0.300000,0.300000,0.300000,0.300000,0.300000,0.300000,0.300000,0.300000,0.300000
Mizoram,0.217277,0.225549,0.233821,0.242094,0.250366,0.258638,0.266911,0.275183,0.283455,0.300000,0.300000,0.300000,0.300000,0.300000,0.300000,0.300000,0.300000,0.300000,0.300000,0.300000,0.300000,0.300000,0.300000,0.300000,0.300000,0.300000,0.300000,0.300000,0.300000,0.300000,0.300000,0.300000,0.300000,0.300000,0.300000,0.300000,0.300000,0.300000,0.300000,0.300000,0.300000,0.300000,0.300000,0.300000,0.300000,0.300000,0.300000,0.300000,0.300000,0.300000,0.300000,0.300000,0.300000,0.300000,0.300000,0.300000,0.300000,0.300000,0.300000,0.300000,0.300000,0.300000,0.300000,0.300000,0.300000,0.300000,0.300000,0.300000,0.300000,0.300000,0.300000,0.300000,0.300000,0.300000,0.300000,0.300000,0.300000,0.300000,0.300000,0.300000
Nagaland,0.217277,0.225549,0.233821,0.242094,0.250366,0.258638,0.266911,0.275183,0.283455,0.300000,0.300000,0.300000,0.300000,0.300000,0.300000,0.300000,0.300000,0.300000,0.300000,0.300000,0.300000,0.300000,0.300000,0.300000,0.300000,0.300000,0.300000,0.300000,0.300000,0.300000,0.300000,0.300000,0.300000,0.300000,0.300000,0.300000,0.300000,0.300000,0.300000,0.300000,0.300000,0.300000,0.300000,0.300000,0.300000,0.300000,0.300000,0.300000,0.300000,0.300000,0.300000,0.300000,0.300000,0.300000,0.300000,0.300000,0.300000,0.300000,0.300000,0.300000,0.300000,0.300000,0.300000,0.300000,0.300000,0.300000,0.300000,0.300000,0.300000,0.300000,0.300000,0.300000,0.300000,0.300000,0.300000,0.300000,0.300000,0.300000,0.300000,0.300000
Tripura,0.217277,0.225549,0.233821,0.242094,0.250366,0.258638,0.266911,0.275183,0.283455,0.300000,0.300000,0.300000,0.300000,0.300000,0.300000,0.300000,0.300000,0.300000,0.300000,0.300000,0.300000,0.300000,0.300000,0.300000,0.300000,0.300000,0.300000,0.300000,0.300000,0.300000,0.300000,0.300000,0.300000,0.300000,0.300000,0.300000,0.300000,0.300000,0.300000,0.300000,0.300000,0.300000,0.300000,0.300000,0.300000,0.300000,0.300000,0.300000,0.300000,0.300000,0.300000,0.300000,0.300000,0.300000,0.300000,0.300000,0.300000,0.300000,0.300000,0.300000,0.300000,0.300000,0.300000,0.300000,0.300000,0.300000,0.300000,0.300000,0.300000,0.300000,0.300000,0.300000,0.300000,0.300000,0.300000,0.300000,0.300000,0.300000,0.300000,0.300000
subregion37,0.000000,0.000000,0.000000,0.000000,0.000000,0.000000,0.000000,0.000000,0.000000,0.000000,0.000000,0.000000,0.000000,0.000000,0.000000,0.000000,0.000000,0.000000,0.000000,0.000000,0.000000,0.000000,0.000000,0.000000,0.000000,0.000000,0.000000,0.000000,0.000000,0.000000,0,0,0,0,0,0,0,0,0,0,0,0,0,0,0,0,0,0,0,0,0,0,0,0,0,0,0,0,0,0,0,0,0,0,0,0,0,0,0,0,0,0,0,0,0,0,0,0,0,0
subregion38,0.000000,0.000000,0.000000,0.000000,0.000000,0.000000,0.000000,0.000000,0.000000,0.000000,0.000000,0.000000,0.000000,0.000000,0.000000,0.000000,0.000000,0.000000,0.000000,0.000000,0.000000,0.000000,0.000000,0.000000,0.000000,0.000000,0.000000,0.000000,0.000000,0.000000,0,0,0,0,0,0,0,0,0,0,0,0,0,0,0,0,0,0,0,0,0,0,0,0,0,0,0,0,0,0,0,0,0,0,0,0,0,0,0,0,0,0,0,0,0,0,0,0,0,0
subregion39,0.000000,0.000000,0.000000,0.000000,0.000000,0.000000,0.000000,0.000000,0.000000,0.000000,0.000000,0.000000,0.000000,0.000000,0.000000,0.000000,0.000000,0.000000,0.000000,0.000000,0.000000,0.000000,0.000000,0.000000,0.000000,0.000000,0.000000,0.000000,0.000000,0.000000,0,0,0,0,0,0,0,0,0,0,0,0,0,0,0,0,0,0,0,0,0,0,0,0,0,0,0,0,0,0,0,0,0,0,0,0,0,0,0,0,0,0,0,0,0,0,0,0,0,0
subregion40,0.000000,0.000000,0.000000,0.000000,0.000000,0.000000,0.000000,0.000000,0.000000,0.000000,0.000000,0.000000,0.000000,0.000000,0.000000,0.000000,0.000000,0.000000,0.000000,0.000000,0.000000,0.000000,0.000000,0.000000,0.000000,0.000000,0.000000,0.000000,0.000000,0.000000,0,0,0,0,0,0,0,0,0,0,0,0,0,0,0,0,0,0,0,0,0,0,0,0,0,0,0,0,0,0,0,0,0,0,0,0,0,0,0,0,0,0,0,0,0,0,0,0,0,0
subregion41,0.000000,0.000000,0.000000,0.000000,0.000000,0.000000,0.000000,0.000000,0.000000,0.000000,0.000000,0.000000,0.000000,0.000000,0.000000,0.000000,0.000000,0.000000,0.000000,0.000000,0.000000,0.000000,0.000000,0.000000,0.000000,0.000000,0.000000,0.000000,0.000000,0.000000,0,0,0,0,0,0,0,0,0,0,0,0,0,0,0,0,0,0,0,0,0,0,0,0,0,0,0,0,0,0,0,0,0,0,0,0,0,0,0,0,0,0,0,0,0,0,0,0,0,0
subregion42,0.000000,0.000000,0.000000,0.000000,0.000000,0.000000,0.000000,0.000000,0.000000,0.000000,0.000000,0.000000,0.000000,0.000000,0.000000,0.000000,0.000000,0.000000,0.000000,0.000000,0.000000,0.000000,0.000000,0.000000,0.000000,0.000000,0.000000,0.000000,0.000000,0.000000,0,0,0,0,0,0,0,0,0,0,0,0,0,0,0,0,0,0,0,0,0,0,0,0,0,0,0,0,0,0,0,0,0,0,0,0,0,0,0,0,0,0,0,0,0,0,0,0,0,0
subregion43,0.000000,0.000000,0.000000,0.000000,0.000000,0.000000,0.000000,0.000000,0.000000,0.000000,0.000000,0.000000,0.000000,0.000000,0.000000,0.000000,0.000000,0.000000,0.000000,0.000000,0.000000,0.000000,0.000000,0.000000,0.000000,0.000000,0.000000,0.000000,0.000000,0.000000,0,0,0,0,0,0,0,0,0,0,0,0,0,0,0,0,0,0,0,0,0,0,0,0,0,0,0,0,0,0,0,0,0,0,0,0,0,0,0,0,0,0,0,0,0,0,0,0,0,0
subregion44,0.000000,0.000000,0.000000,0.000000,0.000000,0.000000,0.000000,0.000000,0.000000,0.000000,0.000000,0.000000,0.000000,0.000000,0.000000,0.000000,0.000000,0.000000,0.000000,0.000000,0.000000,0.000000,0.000000,0.000000,0.000000,0.000000,0.000000,0.000000,0.000000,0.000000,0,0,0,0,0,0,0,0,0,0,0,0,0,0,0,0,0,0,0,0,0,0,0,0,0,0,0,0,0,0,0,0,0,0,0,0,0,0,0,0,0,0,0,0,0,0,0,0,0,0
subregion45,0.000000,0.000000,0.000000,0.000000,0.000000,0.000000,0.000000,0.000000,0.000000,0.000000,0.000000,0.000000,0.000000,0.000000,0.000000,0.000000,0.000000,0.000000,0.000000,0.000000,0.000000,0.000000,0.000000,0.000000,0.000000,0.000000,0.000000,0.000000,0.000000,0.000000,0,0,0,0,0,0,0,0,0,0,0,0,0,0,0,0,0,0,0,0,0,0,0,0,0,0,0,0,0,0,0,0,0,0,0,0,0,0,0,0,0,0,0,0,0,0,0,0,0,0
subregion46,0.000000,0.000000,0.000000,0.000000,0.000000,0.000000,0.000000,0.000000,0.000000,0.000000,0.000000,0.000000,0.000000,0.000000,0.000000,0.000000,0.000000,0.000000,0.000000,0.000000,0.000000,0.000000,0.000000,0.000000,0.000000,0.000000,0.000000,0.000000,0.000000,0.000000,0,0,0,0,0,0,0,0,0,0,0,0,0,0,0,0,0,0,0,0,0,0,0,0,0,0,0,0,0,0,0,0,0,0,0,0,0,0,0,0,0,0,0,0,0,0,0,0,0,0
subregion47,0.000000,0.000000,0.000000,0.000000,0.000000,0.000000,0.000000,0.000000,0.000000,0.000000,0.000000,0.000000,0.000000,0.000000,0.000000,0.000000,0.000000,0.000000,0.000000,0.000000,0.000000,0.000000,0.000000,0.000000,0.000000,0.000000,0.000000,0.000000,0.000000,0.000000,0,0,0,0,0,0,0,0,0,0,0,0,0,0,0,0,0,0,0,0,0,0,0,0,0,0,0,0,0,0,0,0,0,0,0,0,0,0,0,0,0,0,0,0,0,0,0,0,0,0
subregion48,0.000000,0.000000,0.000000,0.000000,0.000000,0.000000,0.000000,0.000000,0.000000,0.000000,0.000000,0.000000,0.000000,0.000000,0.000000,0.000000,0.000000,0.000000,0.000000,0.000000,0.000000,0.000000,0.000000,0.000000,0.000000,0.000000,0.000000,0.000000,0.000000,0.000000,0,0,0,0,0,0,0,0,0,0,0,0,0,0,0,0,0,0,0,0,0,0,0,0,0,0,0,0,0,0,0,0,0,0,0,0,0,0,0,0,0,0,0,0,0,0,0,0,0,0
subregion49,0.000000,0.000000,0.000000,0.000000,0.000000,0.000000,0.000000,0.000000,0.000000,0.000000,0.000000,0.000000,0.000000,0.000000,0.000000,0.000000,0.000000,0.000000,0.000000,0.000000,0.000000,0.000000,0.000000,0.000000,0.000000,0.000000,0.000000,0.000000,0.000000,0.000000,0,0,0,0,0,0,0,0,0,0,0,0,0,0,0,0,0,0,0,0,0,0,0,0,0,0,0,0,0,0,0,0,0,0,0,0,0,0,0,0,0,0,0,0,0,0,0,0,0,0
subregion50,0.000000,0.000000,0.000000,0.000000,0.000000,0.000000,0.000000,0.000000,0.000000,0.000000,0.000000,0.000000,0.000000,0.000000,0.000000,0.000000,0.000000,0.000000,0.000000,0.000000,0.000000,0.000000,0.000000,0.000000,0.000000,0.000000,0.000000,0.000000,0.000000,0.000000,0,0,0,0,0,0,0,0,0,0,0,0,0,0,0,0,0,0,0,0,0,0,0,0,0,0,0,0,0,0,0,0,0,0,0,0,0,0,0,0,0,0,0,0,0,0,0,0,0,0
subregion51,0.000000,0.000000,0.000000,0.000000,0.000000,0.000000,0.000000,0.000000,0.000000,0.000000,0.000000,0.000000,0.000000,0.000000,0.000000,0.000000,0.000000,0.000000,0.000000,0.000000,0.000000,0.000000,0.000000,0.000000,0.000000,0.000000,0.000000,0.000000,0.000000,0.000000,0,0,0,0,0,0,0,0,0,0,0,0,0,0,0,0,0,0,0,0,0,0,0,0,0,0,0,0,0,0,0,0,0,0,0,0,0,0,0,0,0,0,0,0,0,0,0,0,0,0
subregion52,0.000000,0.000000,0.000000,0.000000,0.000000,0.000000,0.000000,0.000000,0.000000,0.000000,0.000000,0.000000,0.000000,0.000000,0.000000,0.000000,0.000000,0.000000,0.000000,0.000000,0.000000,0.000000,0.000000,0.000000,0.000000,0.000000,0.000000,0.000000,0.000000,0.000000,0,0,0,0,0,0,0,0,0,0,0,0,0,0,0,0,0,0,0,0,0,0,0,0,0,0,0,0,0,0,0,0,0,0,0,0,0,0,0,0,0,0,0,0,0,0,0,0,0,0
subregion53,0.000000,0.000000,0.000000,0.000000,0.000000,0.000000,0.000000,0.000000,0.000000,0.000000,0.000000,0.000000,0.000000,0.000000,0.000000,0.000000,0.000000,0.000000,0.000000,0.000000,0.000000,0.000000,0.000000,0.000000,0.000000,0.000000,0.000000,0.000000,0.000000,0.000000,0,0,0,0,0,0,0,0,0,0,0,0,0,0,0,0,0,0,0,0,0,0,0,0,0,0,0,0,0,0,0,0,0,0,0,0,0,0,0,0,0,0,0,0,0,0,0,0,0,0
subregion54,0.000000,0.000000,0.000000,0.000000,0.000000,0.000000,0.000000,0.000000,0.000000,0.000000,0.000000,0.000000,0.000000,0.000000,0.000000,0.000000,0.000000,0.000000,0.000000,0.000000,0.000000,0.000000,0.000000,0.000000,0.000000,0.000000,0.000000,0.000000,0.000000,0.000000,0,0,0,0,0,0,0,0,0,0,0,0,0,0,0,0,0,0,0,0,0,0,0,0,0,0,0,0,0,0,0,0,0,0,0,0,0,0,0,0,0,0,0,0,0,0,0,0,0,0
subregion55,0.000000,0.000000,0.000000,0.000000,0.000000,0.000000,0.000000,0.000000,0.000000,0.000000,0.000000,0.000000,0.000000,0.000000,0.000000,0.000000,0.000000,0.000000,0.000000,0.000000,0.000000,0.000000,0.000000,0.000000,0.000000,0.000000,0.000000,0.000000,0.000000,0.000000,0,0,0,0,0,0,0,0,0,0,0,0,0,0,0,0,0,0,0,0,0,0,0,0,0,0,0,0,0,0,0,0,0,0,0,0,0,0,0,0,0,0,0,0,0,0,0,0,0,0
subregion56,0.000000,0.000000,0.000000,0.000000,0.000000,0.000000,0.000000,0.000000,0.000000,0.000000,0.000000,0.000000,0.000000,0.000000,0.000000,0.000000,0.000000,0.000000,0.000000,0.000000,0.000000,0.000000,0.000000,0.000000,0.000000,0.000000,0.000000,0.000000,0.000000,0.000000,0,0,0,0,0,0,0,0,0,0,0,0,0,0,0,0,0,0,0,0,0,0,0,0,0,0,0,0,0,0,0,0,0,0,0,0,0,0,0,0,0,0,0,0,0,0,0,0,0,0
subregion57,0.000000,0.000000,0.000000,0.000000,0.000000,0.000000,0.000000,0.000000,0.000000,0.000000,0.000000,0.000000,0.000000,0.000000,0.000000,0.000000,0.000000,0.000000,0.000000,0.000000,0.000000,0.000000,0.000000,0.000000,0.000000,0.000000,0.000000,0.000000,0.000000,0.000000,0,0,0,0,0,0,0,0,0,0,0,0,0,0,0,0,0,0,0,0,0,0,0,0,0,0,0,0,0,0,0,0,0,0,0,0,0,0,0,0,0,0,0,0,0,0,0,0,0,0
subregion58,0.000000,0.000000,0.000000,0.000000,0.000000,0.000000,0.000000,0.000000,0.000000,0.000000,0.000000,0.000000,0.000000,0.000000,0.000000,0.000000,0.000000,0.000000,0.000000,0.000000,0.000000,0.000000,0.000000,0.000000,0.000000,0.000000,0.000000,0.000000,0.000000,0.000000,0,0,0,0,0,0,0,0,0,0,0,0,0,0,0,0,0,0,0,0,0,0,0,0,0,0,0,0,0,0,0,0,0,0,0,0,0,0,0,0,0,0,0,0,0,0,0,0,0,0
subregion59,0.000000,0.000000,0.000000,0.000000,0.000000,0.000000,0.000000,0.000000,0.000000,0.000000,0.000000,0.000000,0.000000,0.000000,0.000000,0.000000,0.000000,0.000000,0.000000,0.000000,0.000000,0.000000,0.000000,0.000000,0.000000,0.000000,0.000000,0.000000,0.000000,0.000000,0,0,0,0,0,0,0,0,0,0,0,0,0,0,0,0,0,0,0,0,0,0,0,0,0,0,0,0,0,0,0,0,0,0,0,0,0,0,0,0,0,0,0,0,0,0,0,0,0,0
subregion60,0.000000,0.000000,0.000000,0.000000,0.000000,0.000000,0.000000,0.000000,0.000000,0.000000,0.000000,0.000000,0.000000,0.000000,0.000000,0.000000,0.000000,0.000000,0.000000,0.000000,0.000000,0.000000,0.000000,0.000000,0.000000,0.000000,0.000000,0.000000,0.000000,0.000000,0,0,0,0,0,0,0,0,0,0,0,0,0,0,0,0,0,0,0,0,0,0,0,0,0,0,0,0,0,0,0,0,0,0,0,0,0,0,0,0,0,0,0,0,0,0,0,0,0,0
